date,Item Id,TARGET
2024-07-01,B09KDR64LT,8950.741
2024-07-01,B09KDTS4DC,8950.741
2024-07-01,B09KDTHJ6V,8950.741
2024-07-01,B09KDQ2BWY,8950.741
2024-07-01,B09KDYY3SB,12.938956
2024-07-01,B09KDNYCYR,8950.741
2024-07-01,B09KDN7PYR,8950.741
2024-07-01,B09KDLQ2GW,10.324234
2024-07-01,B0BDRTZTGX,1.0428139
2024-07-01,B09KDVXTP4,8950.741
2024-07-01,B09KDPXYG3,8950.741
2024-07-01,B09KDW1YKQ,8950.741
2024-07-01,B09MR36MLJ,8950.741
2024-07-01,B09KDZQJ6P,0.9910909
2024-07-01,B09MR3Y296,2.0892553
2024-07-01,B09KSXP3HN,52.45317
2024-07-01,B09KT5HMNY,8950.741
2024-07-01,B09KTF8ZDQ,8950.741
2024-07-01,B09KTFXX6L,8950.741
2024-07-01,B09KTJRHC7,15.248769
2024-07-01,B09KTMKDKJ,4.14452
2024-07-01,B09KTMLQ1N,71.37218
2024-07-01,B09MR2FY5D,19.666468
2024-07-01,B09MR2MLZH,8950.741
2024-07-01,B09MR4B13C,30.894985
2024-07-01,B09KDXJJ6W,8950.741
2024-07-01,B09KSYL73R,18.67912
2024-07-01,B0B31VFJ6Q,26.855545
2024-07-01,B09MR4G722,8950.741
2024-07-01,B09MR3RSW8,8950.741
2024-07-01,B0B31SM3ZR,8950.741
2024-07-01,B0B31R1ZBV,8950.741
2024-07-01,B09X1JTK49,8950.741
2024-07-01,B09X1HV1NL,30.800829
2024-07-01,B09X1H629F,8950.741
2024-07-01,B09X1F1L26,-7.548444
2024-07-01,B09X1F8C23,53.481964
2024-07-01,B09X1DHRLN,8950.741
2024-07-01,B09MR5WS3Y,8950.741
2024-07-01,B09MR56Q9N,8950.741
2024-07-01,B0B31T1XMH,8950.741
2024-07-01,B09MR4Z3H8,3.8081133
2024-07-01,B09MR4Z3H9,8950.741
2024-07-01,B0B31V3PKG,8950.741
2024-07-01,B0B31VTH56,8950.741
2024-07-01,B0B31Y1FDZ,13.617907
2024-07-01,B0B699PLXD,2.158905
2024-07-01,B0B69B8R3C,8950.741
2024-07-01,B0B69C4GST,8950.741
2024-07-01,B0B69DD2C7,8950.741
2024-07-01,B0B69DK8JN,8950.741
2024-07-01,B0B69FBGN1,8950.741
2024-07-01,B0B69G3YRM,8950.741
2024-07-01,B0B69GN5KJ,8950.741
2024-07-01,B0B69SF1BT,8950.741
2024-07-01,B0BDRQWBK9,0.93919706
2024-07-01,B09MR3XT5G,142.82706
2024-07-01,B09X1FWK8Z,8950.741
2024-07-01,B0CY5QQ49F,0.9731644
2024-07-01,B0BNKZYHRX,8950.741
2024-07-01,B0BRCXJ1F6,8950.741
2024-07-01,B0BGDWGRQB,8950.741
2024-07-01,B0BGDX2Z3L,16.094347
2024-07-01,B0BGDXM13S,8950.741
2024-07-01,B0BGDXV7FD,0.9910909
2024-07-01,B0BGDZLDX2,8950.741
2024-07-01,B0BNKXC5H1,8950.741
2024-07-01,B0BNKY8RQN,8950.741
2024-07-01,B0BNKYZD2Z,0.9910909
2024-07-01,B0BNKZ88Z5,0.93919706
2024-07-01,B0BNKZCWFL,8950.741
2024-07-01,B0BRCXJRX6,10.36139
2024-07-01,B0BG2Z8CY4,8950.741
2024-07-01,B0BNL5BKMK,0.9910909
2024-07-01,B0BNL1CG6X,8950.741
2024-07-01,B0BRCXCXCV,1.0884088
2024-07-01,B0BRCW79VK,0.9910909
2024-07-01,B0BRCW2B64,0.93919706
2024-07-01,B0BNL7TJRT,8950.741
2024-07-01,B0BRCXDHBX,8950.741
2024-07-01,B0BNL4S6MB,8950.741
2024-07-01,B0BNL3YY1C,8950.741
2024-07-01,B0BNL3J36Z,0.9910909
2024-07-01,B0BNL4L4K5,8950.741
2024-07-01,B0BDRS6R5Z,8950.741
2024-07-01,B0BNL11QD8,8950.741
2024-07-01,B0BSLTZV4Z,8950.741
2024-07-01,B0BNKZ9BJR,8950.741
2024-07-01,B0BG2T78CJ,8950.741
2024-07-01,B0BRCXQMS5,1.24491
2024-07-01,B0C9JLKFPZ,1.24491
2024-07-01,B0BRCXQRC9,1.1775343
2024-07-01,B0BRCXXBG2,8950.741
2024-07-01,B0BRCY8QMH,8950.741
2024-07-01,B0BRCYJ33N,8.530908
2024-07-01,B0BRCYJ4SR,8950.741
2024-07-01,B0BRCYK4JK,27.103157
2024-07-01,B0BRCYQNSW,19.163715
2024-07-01,B0BRCYV77T,5.4865103
2024-07-01,B0BRDCBGFD,8950.741
2024-07-01,B0BRDCJWJC,0.93919706
2024-07-01,B0BSLTV9FL,8950.741
2024-07-01,B0BSLWJKSX,8950.741
2024-07-01,B0BG2PD396,1.0428139
2024-07-01,B0CY5LR4VX,0.9731644
2024-07-01,B0CFV6V981,-4.5566845
2024-07-01,B0CY5KFQBD,0.9731644
2024-07-01,B0CR4C98FS,0.9731644
2024-07-01,B0CR4C5WXS,0.9731644
2024-07-01,B0CR4BGLK5,0.9731644
2024-07-01,B0CR4BK4FW,0.9731644
2024-07-01,B0CR49NR3B,0.9731644
2024-07-01,B0CR49N6MQ,3.6112857
2024-07-01,B0CR49BQRS,0.9731644
2024-07-01,B0CQVLFPBQ,8950.741
2024-07-01,B0BRCXP7VN,8950.741
2024-07-01,B0CR4BG4ZW,5.42903
2024-07-02,B09KDTHJ6V,8950.741
2024-07-02,B09KDW1YKQ,8950.741
2024-07-02,B09KDVXTP4,8950.741
2024-07-02,B09KDTS4DC,8950.741
2024-07-02,B09KDR64LT,8950.741
2024-07-02,B09KDZQJ6P,0.9910909
2024-07-02,B09KDPXYG3,8950.741
2024-07-02,B09KDNYCYR,8950.741
2024-07-02,B09KDN7PYR,8950.741
2024-07-02,B0BDRTZTGX,1.0428139
2024-07-02,B09KDXJJ6W,8950.741
2024-07-02,B09KDQ2BWY,8950.741
2024-07-02,B09KDYY3SB,10.643106
2024-07-02,B09KTJRHC7,26.646267
2024-07-02,B09MR3Y296,2.0892553
2024-07-02,B09KSYL73R,18.67912
2024-07-02,B09KT5HMNY,8950.741
2024-07-02,B09KTF8ZDQ,8950.741
2024-07-02,B09KTFXX6L,8950.741
2024-07-02,B09KTMKDKJ,4.4691486
2024-07-02,B09KTMLQ1N,95.00356
2024-07-02,B09MR2FY5D,32.263794
2024-07-02,B09MR2MLZH,8950.741
2024-07-02,B09MR36MLJ,8950.741
2024-07-02,B09MR3RSW8,8950.741
2024-07-02,B09MR3XT5G,186.5622
2024-07-02,B09KSXP3HN,60.65111
2024-07-02,B09MR4B13C,29.40382
2024-07-02,B09X1F8C23,63.80775
2024-07-02,B09MR4Z3H8,3.8081133
2024-07-02,B0B31R1ZBV,8950.741
2024-07-02,B09X1JTK49,8950.741
2024-07-02,B09X1HV1NL,37.832047
2024-07-02,B09X1H629F,8950.741
2024-07-02,B09X1FWK8Z,8950.741
2024-07-02,B09X1DHRLN,8950.741
2024-07-02,B09X1F1L26,1.3948029
2024-07-02,B09MR5WS3Y,8950.741
2024-07-02,B09MR56Q9N,8950.741
2024-07-02,B09MR4Z3H9,8950.741
2024-07-02,B0B31T1XMH,8950.741
2024-07-02,B0B31SM3ZR,8950.741
2024-07-02,B09KDLQ2GW,3.9086456
2024-07-02,B0B69SF1BT,8950.741
2024-07-02,B0B31VFJ6Q,12.319253
2024-07-02,B0B31VTH56,8950.741
2024-07-02,B0B31Y1FDZ,8.540869
2024-07-02,B0B699PLXD,2.158905
2024-07-02,B0B69B8R3C,8950.741
2024-07-02,B0B69C4GST,8950.741
2024-07-02,B0B69DD2C7,8950.741
2024-07-02,B0B69DK8JN,8950.741
2024-07-02,B0B69FBGN1,8950.741
2024-07-02,B0B69G3YRM,8950.741
2024-07-02,B0B69GN5KJ,8950.741
2024-07-02,B09MR4G722,8950.741
2024-07-02,B0B31V3PKG,8950.741
2024-07-02,B0BDRQWBK9,8950.741
2024-07-02,B0BG2PD396,1.0428139
2024-07-02,B0BSLWJKSX,8950.741
2024-07-02,B0BG2T78CJ,8950.741
2024-07-02,B0BG2Z8CY4,8950.741
2024-07-02,B0BGDWGRQB,8950.741
2024-07-02,B0BGDX2Z3L,30.199892
2024-07-02,B0BGDXM13S,8950.741
2024-07-02,B0BGDXV7FD,0.93919706
2024-07-02,B0BGDZLDX2,8950.741
2024-07-02,B0BNKY8RQN,8950.741
2024-07-02,B0BNKYZD2Z,0.9910909
2024-07-02,B0BNKZ88Z5,0.93919706
2024-07-02,B0BNKZ9BJR,8950.741
2024-07-02,B0BNKZCWFL,8950.741
2024-07-02,B0BNKZYHRX,8950.741
2024-07-02,B0BNKXC5H1,8950.741
2024-07-02,B0BNL7TJRT,8950.741
2024-07-02,B0BNL1CG6X,8950.741
2024-07-02,B0BRCXDHBX,8950.741
2024-07-02,B0BRCXCXCV,0.9910909
2024-07-02,B0BRCW79VK,0.9910909
2024-07-02,B0BRCW2B64,0.9910909
2024-07-02,B0BRCXJ1F6,8950.741
2024-07-02,B0BNL5BKMK,0.93919706
2024-07-02,B0BNL4L4K5,8950.741
2024-07-02,B0BNL3YY1C,8950.741
2024-07-02,B0BNL3J36Z,0.93919706
2024-07-02,B0BDRS6R5Z,8950.741
2024-07-02,B0BNL11QD8,8950.741
2024-07-02,B0BRCXJRX6,23.52269
2024-07-02,B0BNL4S6MB,8950.741
2024-07-02,B0BRCXQMS5,6.3414564
2024-07-02,B0CY5QQ49F,0.9731644
2024-07-02,B0BRCXXBG2,8950.741
2024-07-02,B0BRCY8QMH,8950.741
2024-07-02,B0BRCYJ33N,2.4910538
2024-07-02,B0BRCYJ4SR,8950.741
2024-07-02,B0BRCYK4JK,4.159283
2024-07-02,B0BRCYQNSW,34.965054
2024-07-02,B0BRCYV77T,2.1071317
2024-07-02,B0BRDCBGFD,8950.741
2024-07-02,B0BRDCJWJC,0.93919706
2024-07-02,B0BSLTV9FL,8950.741
2024-07-02,B0BSLTZV4Z,8950.741
2024-07-02,B0C9JLKFPZ,1.9056333
2024-07-02,B0BRCXQRC9,2.3773596
2024-07-02,B0CFV6V981,1.2531092
2024-07-02,B0BRCXP7VN,8950.741
2024-07-02,B0CY5LR4VX,2.7962162
2024-07-02,B0CY5KFQBD,0.9731644
2024-07-02,B0CR4C98FS,2.7962162
2024-07-02,B0CR4BK4FW,0.9731644
2024-07-02,B0CR4C5WXS,0.9731644
2024-07-02,B0CR4BG4ZW,13.446528
2024-07-02,B0CR49NR3B,0.9731644
2024-07-02,B0CR49N6MQ,1.2531092
2024-07-02,B0CR49BQRS,0.9731644
2024-07-02,B0CQVLFPBQ,8950.741
2024-07-02,B0CR4BGLK5,0.9731644
2024-07-03,B09KDVXTP4,8950.741
2024-07-03,B09KDXJJ6W,8950.741
2024-07-03,B09KDW1YKQ,8950.741
2024-07-03,B09KDTS4DC,8950.741
2024-07-03,B09KDN7PYR,8950.741
2024-07-03,B09KDR64LT,8950.741
2024-07-03,B09KDQ2BWY,8950.741
2024-07-03,B09KDPXYG3,8950.741
2024-07-03,B09KDNYCYR,8950.741
2024-07-03,B09KDTHJ6V,8950.741
2024-07-03,B09KDYY3SB,7.002179
2024-07-03,B09KTF8ZDQ,8950.741
2024-07-03,B09KDZQJ6P,0.9910909
2024-07-03,B09KSXP3HN,28.959135
2024-07-03,B09KSYL73R,29.64985
2024-07-03,B09KT5HMNY,8950.741
2024-07-03,B09KTFXX6L,8950.741
2024-07-03,B09KTJRHC7,21.004599
2024-07-03,B09KTMKDKJ,4.259851
2024-07-03,B09KTMLQ1N,75.312874
2024-07-03,B09MR2FY5D,12.000219
2024-07-03,B09MR2MLZH,8950.741
2024-07-03,B09MR36MLJ,8950.741
2024-07-03,B09MR3XT5G,115.333435
2024-07-03,B09KDLQ2GW,8.02339
2024-07-03,B09MR3Y296,2.158905
2024-07-03,B0B31VFJ6Q,14.667205
2024-07-03,B09MR4G722,8950.741
2024-07-03,B09MR3RSW8,8950.741
2024-07-03,B09X1F1L26,-7.65952
2024-07-03,B0B31SM3ZR,8950.741
2024-07-03,B0B31R1ZBV,8950.741
2024-07-03,B09X1JTK49,8950.741
2024-07-03,B09X1HV1NL,35.818058
2024-07-03,B09X1F8C23,63.80775
2024-07-03,B09MR4Z3H8,3.8081133
2024-07-03,B09MR5WS3Y,8950.741
2024-07-03,B09MR5Q6HJ,8950.741
2024-07-03,B09MR56Q9N,1.6478878
2024-07-03,B09MR4Z3H9,8950.741
2024-07-03,B0B31T1XMH,8950.741
2024-07-03,B0B69B8R3C,8950.741
2024-07-03,B0B31VTH56,8950.741
2024-07-03,B0B31Y1FDZ,11.486474
2024-07-03,B0B699PLXD,2.158905
2024-07-03,B09MR4B13C,44.093357
2024-07-03,B0B69C4GST,8950.741
2024-07-03,B0B69DD2C7,8950.741
2024-07-03,B0B69DK8JN,8950.741
2024-07-03,B0B69FBGN1,8950.741
2024-07-03,B0B69GN5KJ,8950.741
2024-07-03,B0B69SF1BT,8950.741
2024-07-03,B0BDRQWBK9,8950.741
2024-07-03,B0BDRTZTGX,1.0428139
2024-07-03,B0BDRS6R5Z,8950.741
2024-07-03,B0B31V3PKG,8950.741
2024-07-03,B0BG2PD396,1.0428139
2024-07-03,B0BNKZKGFG,8950.741
2024-07-03,B0BRCXDHBX,8950.741
2024-07-03,B0BG2T78CJ,8950.741
2024-07-03,B0BG2Z8CY4,8950.741
2024-07-03,B0BGDWGRQB,8950.741
2024-07-03,B0BGDX2Z3L,0.9910909
2024-07-03,B0BGDXM13S,8950.741
2024-07-03,B0BGDXV7FD,0.93919706
2024-07-03,B0BGDZLDX2,8950.741
2024-07-03,B0BNKYZD2Z,0.9910909
2024-07-03,B0BNKZ88Z5,0.9910909
2024-07-03,B0BNKZ9BJR,8950.741
2024-07-03,B0BNKZCWFL,8950.741
2024-07-03,B0BNL43XHH,8950.741
2024-07-03,B0BNKXC5H1,8950.741
2024-07-03,B0BNL11QD8,8950.741
2024-07-03,B0BNL4Y2J9,8950.741
2024-07-03,B0BRCW79VK,0.9910909
2024-07-03,B0BRCW2B64,0.9910909
2024-07-03,B0BNL7TJRT,8950.741
2024-07-03,B0BNL5BKMK,0.9910909
2024-07-03,B0BRCXCXCV,0.9910909
2024-07-03,B0BNL4S6MB,8950.741
2024-07-03,B0BNL3RDG4,8950.741
2024-07-03,B0BNL3J36Z,0.93919706
2024-07-03,B0BRCXJ1F6,8950.741
2024-07-03,B0BRDCJWJC,0.93919706
2024-07-03,B0CFV6V981,-3.5798469
2024-07-03,B0BG2QXQ9V,8950.741
2024-07-03,B0BRCXJRX6,1.24491
2024-07-03,B0BRCXQMS5,21.685286
2024-07-03,B0BRCXQRC9,1.1720283
2024-07-03,B0BRCXSTKW,8950.741
2024-07-03,B0BRCXXBG2,8950.741
2024-07-03,B0BRCY8QMH,8950.741
2024-07-03,B0BRCYJ33N,9.355123
2024-07-03,B0BRCXP7VN,8950.741
2024-07-03,B0BRCYK4JK,2.1071317
2024-07-03,B0BRCYQNSW,18.453875
2024-07-03,B0BRCYV77T,6.7787685
2024-07-03,B0BRDCBGFD,8950.741
2024-07-03,B0BRCYJ4SR,8950.741
2024-07-03,B0C9JLKFPZ,3.22418
2024-07-03,B0BSLWJKSX,8950.741
2024-07-03,B0CY5LR4VX,1.1689185
2024-07-03,B0CY5KFQBD,0.9731644
2024-07-03,B0CR4C98FS,0.9731644
2024-07-03,B0CR4C5WXS,0.9731644
2024-07-03,B0CY5QQ49F,0.9731644
2024-07-03,B0CR4BGLK5,0.9731644
2024-07-03,B0CR4BG4ZW,11.103487
2024-07-03,B0CR49NR3B,0.9731644
2024-07-03,B0CR49N6MQ,1.1689185
2024-07-03,B0CR49BQRS,0.9731644
2024-07-03,B0CR4BK4FW,1.0428139
2024-07-04,B09KDW1YKQ,8950.741
2024-07-04,B09KDVXTP4,8950.741
2024-07-04,B09KDTS4DC,8950.741
2024-07-04,B09KDTHJ6V,8950.741
2024-07-04,B09KDPXYG3,8950.741
2024-07-04,B09KDQ2BWY,8950.741
2024-07-04,B09KDNYCYR,8950.741
2024-07-04,B09KDN7PYR,8950.741
2024-07-04,B09MR3Y296,2.158905
2024-07-04,B09KDR64LT,8950.741
2024-07-04,B09KDXJJ6W,8950.741
2024-07-04,B09MR36MLJ,8950.741
2024-07-04,B09KDZQJ6P,0.9910909
2024-07-04,B09KSXP3HN,54.749943
2024-07-04,B09KSYL73R,27.402376
2024-07-04,B09KT5HMNY,8950.741
2024-07-04,B09KTF8ZDQ,8950.741
2024-07-04,B09KTFXX6L,8950.741
2024-07-04,B09KTJRHC7,12.81139
2024-07-04,B09KTMKDKJ,3.7148519
2024-07-04,B09KTMLQ1N,69.4034
2024-07-04,B09MR2FY5D,32.263794
2024-07-04,B09MR2MLZH,8950.741
2024-07-04,B09MR4B13C,30.633917
2024-07-04,B09KDYY3SB,7.002179
2024-07-04,B09KDLQ2GW,16.094347
2024-07-04,B0B69C4GST,8950.741
2024-07-04,B0BDRS6R5Z,8950.741
2024-07-04,B09MR3RSW8,8950.741
2024-07-04,B09X1F8C23,57.94367
2024-07-04,B0B31T1XMH,8950.741
2024-07-04,B0B31SM3ZR,8950.741
2024-07-04,B0B31R1ZBV,8950.741
2024-07-04,B09X1JTK49,8950.741
2024-07-04,B09X1HV1NL,0.93919706
2024-07-04,B09MR4Z3H9,8950.741
2024-07-04,B09X1F1L26,0.93919706
2024-07-04,B09MR5WS3Y,8950.741
2024-07-04,B09MR5Q6HJ,8950.741
2024-07-04,B09MR56Q9N,1.6478878
2024-07-04,B0B31VFJ6Q,12.319253
2024-07-04,B0B31V3PKG,8950.741
2024-07-04,B0B31VTH56,8950.741
2024-07-04,B0B31Y1FDZ,10.066009
2024-07-04,B0B699PLXD,2.158905
2024-07-04,B0B69B8R3C,8950.741
2024-07-04,B09MR4G722,8950.741
2024-07-04,B0B69DD2C7,8950.741
2024-07-04,B0B69DK8JN,8950.741
2024-07-04,B0B69FBGN1,8950.741
2024-07-04,B0B69GN5KJ,8950.741
2024-07-04,B0B69SF1BT,8950.741
2024-07-04,B0BDRQWBK9,8950.741
2024-07-04,B09MR4Z3H8,7.457001
2024-07-04,B09MR3XT5G,142.82706
2024-07-04,B0BDRTZTGX,8950.741
2024-07-04,B0BG2PD396,1.0428139
2024-07-04,B0BRCXJRX6,1.24491
2024-07-04,B0BNL11QD8,8950.741
2024-07-04,B0BRCXJ1F6,8950.741
2024-07-04,B0BGDWGRQB,8950.741
2024-07-04,B0BGDX2Z3L,0.9910909
2024-07-04,B0BGDXM13S,8950.741
2024-07-04,B0BGDXV7FD,0.9910909
2024-07-04,B0BGDZLDX2,8950.741
2024-07-04,B0BNKXC5H1,8950.741
2024-07-04,B0BNKYZD2Z,0.9910909
2024-07-04,B0BNKZ88Z5,0.93919706
2024-07-04,B0BNKZ9BJR,8950.741
2024-07-04,B0BNKZCWFL,8950.741
2024-07-04,B0BNKZKGFG,8950.741
2024-07-04,B0BG2Z8CY4,8950.741
2024-07-04,B0BNL3J36Z,0.9910909
2024-07-04,B0BNL5BKMK,0.9910909
2024-07-04,B0BRCXDHBX,8950.741
2024-07-04,B0BRCXCXCV,3.055501
2024-07-04,B0BRCW79VK,2.7383816
2024-07-04,B0BNL7TJRT,8950.741
2024-07-04,B0BRCW2B64,8.02339
2024-07-04,B0BNL4Y2J9,8950.741
2024-07-04,B0BNL4S6MB,8950.741
2024-07-04,B0BNL43XHH,8950.741
2024-07-04,B0BSLWJKSX,8950.741
2024-07-04,B0BRCXQMS5,7.2287674
2024-07-04,B0BNL3RDG4,8950.741
2024-07-04,B0CY5QQ49F,6.128291
2024-07-04,B0BG2QXQ9V,8950.741
2024-07-04,B0BRCXP7VN,8950.741
2024-07-04,B0BRCXQRC9,6.473296
2024-07-04,B0BRCXSTKW,8950.741
2024-07-04,B0BRCXXBG2,8950.741
2024-07-04,B0BRCY8QMH,8950.741
2024-07-04,B0BRCYJ33N,3.0658004
2024-07-04,B0BG2T78CJ,8950.741
2024-07-04,B0BRCYK4JK,2.4910538
2024-07-04,B0BRCYQNSW,14.765229
2024-07-04,B0BRCYV77T,5.7475786
2024-07-04,B0BRDCBGFD,8950.741
2024-07-04,B0BRCYJ4SR,8950.741
2024-07-04,B0C9JLKFPZ,7.002179
2024-07-04,B0BRDCJWJC,4.5145173
2024-07-04,B0CY5KFQBD,0.9731644
2024-07-04,B0CR4C98FS,0.9731644
2024-07-04,B0CR4C5WXS,0.9731644
2024-07-04,B0CR4BK4FW,0.9731644
2024-07-04,B0CY5LR4VX,0.9731644
2024-07-04,B0CR4BG4ZW,2.5748677
2024-07-04,B0CR49NR3B,0.9731644
2024-07-04,B0CR49N6MQ,1.1802275
2024-07-04,B0CR49BQRS,0.9731644
2024-07-04,B0CFV6V981,0.9731644
2024-07-04,B0CR4BGLK5,6.128291
2024-07-05,B09KDW1YKQ,8950.741
2024-07-05,B09KDVXTP4,8950.741
2024-07-05,B09KDTS4DC,8950.741
2024-07-05,B09KDTHJ6V,8950.741
2024-07-05,B09KDPXYG3,8950.741
2024-07-05,B09KDQ2BWY,8950.741
2024-07-05,B0BG2PD396,1.0428139
2024-07-05,B09KDN7PYR,8950.741
2024-07-05,B09MR3Y296,8950.741
2024-07-05,B09KDR64LT,8950.741
2024-07-05,B09KDXJJ6W,8950.741
2024-07-05,B09MR36MLJ,8950.741
2024-07-05,B09KDZQJ6P,0.9910909
2024-07-05,B09KSXP3HN,73.72572
2024-07-05,B09KSYL73R,29.388783
2024-07-05,B09KT5HMNY,8950.741
2024-07-05,B09KTF8ZDQ,8950.741
2024-07-05,B09KTFXX6L,67.14738
2024-07-05,B09KTJRHC7,24.325266
2024-07-05,B09KTMKDKJ,3.8742917
2024-07-05,B09KTMLQ1N,133.10645
2024-07-05,B09MR2FY5D,32.263794
2024-07-05,B09MR2MLZH,8950.741
2024-07-05,B09MR4B13C,45.679554
2024-07-05,B09KDYY3SB,7.002179
2024-07-05,B09KDNYCYR,8950.741
2024-07-05,B0BDRS6R5Z,8950.741
2024-07-05,B09MR4G722,8950.741
2024-07-05,B09MR3RSW8,8950.741
2024-07-05,B09X1F8C23,63.80775
2024-07-05,B0B31T1XMH,8950.741
2024-07-05,B0B31SM3ZR,8950.741
2024-07-05,B0B31R1ZBV,8950.741
2024-07-05,B09X1JTK49,8950.741
2024-07-05,B09X1HV1NL,0.93919706
2024-07-05,B09MR5WS3Y,8950.741
2024-07-05,B09X1F1L26,0.9910909
2024-07-05,B0B31VFJ6Q,12.319253
2024-07-05,B09MR5Q6HJ,8950.741
2024-07-05,B09MR56Q9N,1.5782382
2024-07-05,B09MR4Z3H9,8950.741
2024-07-05,B0B31V3PKG,8950.741
2024-07-05,B0B31VTH56,8950.741
2024-07-05,B0B31Y1FDZ,30.888195
2024-07-05,B0B699PLXD,2.158905
2024-07-05,B0B69B8R3C,8950.741
2024-07-05,B0B69C4GST,8950.741
2024-07-05,B0B69DD2C7,8950.741
2024-07-05,B0B69DK8JN,8950.741
2024-07-05,B0B69FBGN1,8950.741
2024-07-05,B09KDLQ2GW,0.9910909
2024-07-05,B0B69SF1BT,8950.741
2024-07-05,B0BDRQWBK9,0.93919706
2024-07-05,B09MR4Z3H8,13.706051
2024-07-05,B09MR3XT5G,142.82706
2024-07-05,B0BRCXSTKW,8950.741
2024-07-05,B0B69GN5KJ,8950.741
2024-07-05,B0BRCXJRX6,7.203677
2024-07-05,B0BNL11QD8,8950.741
2024-07-05,B0BRCXJ1F6,8950.741
2024-07-05,B0BGDWGRQB,8950.741
2024-07-05,B0BGDX2Z3L,15.352348
2024-07-05,B0BGDXM13S,8950.741
2024-07-05,B0BGDXV7FD,0.9910909
2024-07-05,B0BGDZLDX2,8950.741
2024-07-05,B0BNKXC5H1,8950.741
2024-07-05,B0BNKYZD2Z,0.93919706
2024-07-05,B0BNKZ88Z5,0.9910909
2024-07-05,B0BNKZ9BJR,8950.741
2024-07-05,B0BNKZCWFL,8950.741
2024-07-05,B0BNKZKGFG,8950.741
2024-07-05,B0BG2Z8CY4,8950.741
2024-07-05,B0BNL3J36Z,0.93919706
2024-07-05,B0BNL5BKMK,0.9910909
2024-07-05,B0BRCXDHBX,8950.741
2024-07-05,B0BRCXCXCV,1.1775343
2024-07-05,B0BRCW79VK,0.9910909
2024-07-05,B0BNL7TJRT,8950.741
2024-07-05,B0BRCW2B64,0.9910909
2024-07-05,B0BNL4Y2J9,8950.741
2024-07-05,B0BDRTZTGX,8950.741
2024-07-05,B0BNL43XHH,8950.741
2024-07-05,B0BSLWJKSX,8950.741
2024-07-05,B0BRCXQMS5,1.1720283
2024-07-05,B0BNL4S6MB,8950.741
2024-07-05,B0CY5QQ49F,11.7785635
2024-07-05,B0BG2T78CJ,8950.741
2024-07-05,B0BRCXP7VN,8950.741
2024-07-05,B0BRCXQRC9,1.1775343
2024-07-05,B0BNL3RDG4,8950.741
2024-07-05,B0BRCXXBG2,8950.741
2024-07-05,B0BRCY8QMH,8950.741
2024-07-05,B0BRCYJ33N,9.428662
2024-07-05,B0BRCYJ4SR,8950.741
2024-07-05,B0BRCYK4JK,33.119457
2024-07-05,B0BRCYQNSW,19.163715
2024-07-05,B0BRCYV77T,2.4910538
2024-07-05,B0BRDCBGFD,8950.741
2024-07-05,B0BG2QXQ9V,8950.741
2024-07-05,B0C9JLKFPZ,1.24491
2024-07-05,B0CY5LR4VX,1.2531092
2024-07-05,B0CY5KFQBD,0.9731644
2024-07-05,B0CR4C98FS,2.7962162
2024-07-05,B0BRDCJWJC,0.93919706
2024-07-05,B0CR4BK4FW,1.0428139
2024-07-05,B0CR4C5WXS,0.9731644
2024-07-05,B0CR4BG4ZW,2.5748677
2024-07-05,B0CR49NR3B,0.9731644
2024-07-05,B0CR49N6MQ,1.1802275
2024-07-05,B0CR49BQRS,1.1634128
2024-07-05,B0CFV6V981,5.1679616
2024-07-05,B0CR4BGLK5,0.9731644
2024-07-06,B09KDVXTP4,8950.741
2024-07-06,B09KDTS4DC,8950.741
2024-07-06,B09KDTHJ6V,8950.741
2024-07-06,B09KDR64LT,8950.741
2024-07-06,B0B69GN5KJ,8950.741
2024-07-06,B09KDPXYG3,8950.741
2024-07-06,B09KDNYCYR,8950.741
2024-07-06,B09KDN7PYR,8950.741
2024-07-06,B09KDLQ2GW,0.9910909
2024-07-06,B09KDQ2BWY,8950.741
2024-07-06,B09KDW1YKQ,8950.741
2024-07-06,B09KTF8ZDQ,8950.741
2024-07-06,B09KDYY3SB,22.78069
2024-07-06,B09KSXP3HN,99.43313
2024-07-06,B09KSYL73R,33.72335
2024-07-06,B09KT5HMNY,8950.741
2024-07-06,B09KTFXX6L,54.99769
2024-07-06,B09KTJRHC7,26.646267
2024-07-06,B09KTMKDKJ,-4.183791
2024-07-06,B09KTMLQ1N,133.10645
2024-07-06,B09MR2FY5D,2.6233432
2024-07-06,B09MR2MLZH,8950.741
2024-07-06,B09MR36MLJ,8950.741
2024-07-06,B09KDXJJ6W,8950.741
2024-07-06,B09MR3RSW8,8950.741
2024-07-06,B0B31R1ZBV,8950.741
2024-07-06,B09MR3Y296,8950.741
2024-07-06,B09X1HV1NL,0.93919706
2024-07-06,B09MR4B13C,44.093357
2024-07-06,B09MR4G722,8950.741
2024-07-06,B09MR4Z3H8,5.1876755
2024-07-06,B09MR4Z3H9,8950.741
2024-07-06,B09MR56Q9N,1.6478878
2024-07-06,B09MR5Q6HJ,8950.741
2024-07-06,B09MR5WS3Y,8950.741
2024-07-06,B09X1DHRLN,8950.741
2024-07-06,B09X1F1L26,-7.65952
2024-07-06,B09X1F8C23,49.448166
2024-07-06,B0B69DD2C7,8950.741
2024-07-06,B09X1JTK49,8950.741
2024-07-06,B0B31SM3ZR,8950.741
2024-07-06,B0B31T1XMH,8950.741
2024-07-06,B0B31V3PKG,8950.741
2024-07-06,B0B31VFJ6Q,12.319253
2024-07-06,B0B31VTH56,8950.741
2024-07-06,B0B31Y1FDZ,13.617907
2024-07-06,B0B699PLXD,2.158905
2024-07-06,B0B69B8R3C,8950.741
2024-07-06,B0B69C4GST,8950.741
2024-07-06,B09MR3XT5G,142.82706
2024-07-06,B09KDZQJ6P,0.9910909
2024-07-06,B0B69DK8JN,8950.741
2024-07-06,B0B69SF1BT,8950.741
2024-07-06,B0BRCXQRC9,1.1775343
2024-07-06,B0BRCXP7VN,8950.741
2024-07-06,B0BDRQWBK9,0.93919706
2024-07-06,B0BDRTZTGX,8950.741
2024-07-06,B0BG2PD396,1.0428139
2024-07-06,B0BG2T78CJ,8950.741
2024-07-06,B0BG2VYWSG,8950.741
2024-07-06,B0BGDWGRQB,8950.741
2024-07-06,B0BGDXM13S,8950.741
2024-07-06,B0BGDXV7FD,0.9910909
2024-07-06,B0BGDZLDX2,8950.741
2024-07-06,B0BGDX2Z3L,0.9910909
2024-07-06,B0BNKZ9BJR,8950.741
2024-07-06,B0BNL7TJRT,8950.741
2024-07-06,B0BRCXDHBX,8950.741
2024-07-06,B0BRCXCXCV,0.9910909
2024-07-06,B0BRCW79VK,0.9910909
2024-07-06,B0BRCW2B64,0.93919706
2024-07-06,B0BRCXJRX6,2.863356
2024-07-06,B0BNL5BKMK,0.9910909
2024-07-06,B0BNL4Y2J9,8950.741
2024-07-06,B0BNL3J36Z,0.93919706
2024-07-06,B0BNKZCWFL,8950.741
2024-07-06,B0B69FBGN1,8950.741
2024-07-06,B0BNKZ88Z5,0.9910909
2024-07-06,B0BRCXQMS5,10.282526
2024-07-06,B0BNKYZD2Z,0.9910909
2024-07-06,B0BRCXSTKW,8950.741
2024-07-06,B0BSLWJKSX,8950.741
2024-07-06,B0BRCY8QMH,8950.741
2024-07-06,B0BRCYJ33N,5.4865103
2024-07-06,B0BRCYJ4SR,8950.741
2024-07-06,B0BRCYK4JK,8.471548
2024-07-06,B0BRCYQNSW,19.163715
2024-07-06,B0BRCYV77T,7.203677
2024-07-06,B0BRDCBGFD,8950.741
2024-07-06,B0BRDCJWJC,0.93919706
2024-07-06,B0BSLTV9FL,8950.741
2024-07-06,B0C9JLKFPZ,2.4910538
2024-07-06,B0CFV6V981,-4.0971465
2024-07-06,B0BRCXXBG2,8950.741
2024-07-06,B0CR49N6MQ,1.1689185
2024-07-06,B0CR49NR3B,0.9731644
2024-07-06,B0CR4BG4ZW,2.1153302
2024-07-06,B0CR4BGLK5,0.9731644
2024-07-06,B0CR4BK4FW,0.9731644
2024-07-06,B0CR4C5WXS,0.9731644
2024-07-06,B0CR4C98FS,0.9731644
2024-07-06,B0CY5KFQBD,0.9731644
2024-07-06,B0CY5LR4VX,2.1153302
2024-07-06,B0CY5QQ49F,2.5748677
2024-07-06,B0CR49BQRS,1.1689185
2024-07-07,B09MR36MLJ,8950.741
2024-07-07,B09KDVXTP4,8950.741
2024-07-07,B09KDTS4DC,8950.741
2024-07-07,B09KDTHJ6V,8950.741
2024-07-07,B09KDR64LT,8950.741
2024-07-07,B0B69GN5KJ,8950.741
2024-07-07,B09KDPXYG3,8950.741
2024-07-07,B09KDNYCYR,8950.741
2024-07-07,B09KDN7PYR,8950.741
2024-07-07,B09KDW1YKQ,8950.741
2024-07-07,B09KDQ2BWY,8950.741
2024-07-07,B09KDXJJ6W,8950.741
2024-07-07,B09KT5HMNY,8950.741
2024-07-07,B09KDZQJ6P,0.9910909
2024-07-07,B09KSXP3HN,188.38673
2024-07-07,B09KSYL73R,42.848213
2024-07-07,B09MR2MLZH,8950.741
2024-07-07,B09KTF8ZDQ,8950.741
2024-07-07,B09KTFXX6L,28.807968
2024-07-07,B09KTJRHC7,13.007624
2024-07-07,B09KTMKDKJ,4.198921
2024-07-07,B09KTMLQ1N,145.14452
2024-07-07,B09MR2FY5D,9.054614
2024-07-07,B09KDYY3SB,7.889489
2024-07-07,B09MR3RSW8,8950.741
2024-07-07,B09MR4B13C,58.16345
2024-07-07,B09MR3Y296,8950.741
2024-07-07,B09X1JTK49,8950.741
2024-07-07,B09MR4G722,8950.741
2024-07-07,B09MR4Z3H8,3.537886
2024-07-07,B09MR4Z3H9,8950.741
2024-07-07,B09MR56Q9N,1.6478878
2024-07-07,B09MR5Q6HJ,8950.741
2024-07-07,B09MR5WS3Y,8950.741
2024-07-07,B09X1DHRLN,8950.741
2024-07-07,B09X1F1L26,4.0404854
2024-07-07,B09X1F8C23,63.80775
2024-07-07,B09X1HV1NL,0.93919706
2024-07-07,B0B31VTH56,8950.741
2024-07-07,B0B31R1ZBV,8950.741
2024-07-07,B0B31SM3ZR,8950.741
2024-07-07,B0B31T1XMH,8950.741
2024-07-07,B0B31V3PKG,8950.741
2024-07-07,B09MR3XT5G,173.4428
2024-07-07,B0B31Y1FDZ,11.486474
2024-07-07,B0B699PLXD,2.158905
2024-07-07,B0B69B8R3C,8950.741
2024-07-07,B0B69C4GST,8950.741
2024-07-07,B0B69DD2C7,8950.741
2024-07-07,B0B69DK8JN,8950.741
2024-07-07,B09KDLQ2GW,0.9910909
2024-07-07,B0B69FBGN1,8950.741
2024-07-07,B0BRCYV77T,8.530908
2024-07-07,B0B69SF1BT,8950.741
2024-07-07,B0BDRTZTGX,8950.741
2024-07-07,B0BG2PD396,1.0428139
2024-07-07,B0BG2T78CJ,8950.741
2024-07-07,B0BG2VYWSG,8950.741
2024-07-07,B0BGDWGRQB,8950.741
2024-07-07,B0BGDX2Z3L,0.9910909
2024-07-07,B0BDRQWBK9,8950.741
2024-07-07,B0BGDXV7FD,0.9910909
2024-07-07,B0BGDZLDX2,8950.741
2024-07-07,B0BNKYZD2Z,0.93919706
2024-07-07,B0BGDXM13S,8950.741
2024-07-07,B0BNKZ9BJR,8950.741
2024-07-07,B0BRCW2B64,0.9910909
2024-07-07,B0BNKZCWFL,8950.741
2024-07-07,B0BRCXDHBX,8950.741
2024-07-07,B0BRCXCXCV,1.24491
2024-07-07,B0BRCW79VK,0.9910909
2024-07-07,B0BRCXJRX6,12.13845
2024-07-07,B0BNL7TJRT,8950.741
2024-07-07,B0BNL5BKMK,0.9910909
2024-07-07,B0BNL4Y2J9,8950.741
2024-07-07,B0BNL3J36Z,0.93919706
2024-07-07,B0B31VFJ6Q,12.319253
2024-07-07,B0BNKZ88Z5,0.9910909
2024-07-07,B0BRCXQMS5,9.621803
2024-07-07,B0BRCXP7VN,8950.741
2024-07-07,B0BRCXSTKW,8950.741
2024-07-07,B0BRCXQRC9,4.919476
2024-07-07,B0BRCXXBG2,8950.741
2024-07-07,B0BRCY8QMH,8950.741
2024-07-07,B0BRCYJ33N,8.530908
2024-07-07,B0BRCYJ4SR,8950.741
2024-07-07,B0BRCYK4JK,5.5061054
2024-07-07,B0CY5QQ49F,2.1153302
2024-07-07,B0BRDCBGFD,8950.741
2024-07-07,B0BRDCJWJC,0.93919706
2024-07-07,B0BSLTV9FL,8950.741
2024-07-07,B0BSLWJKSX,8950.741
2024-07-07,B0BRCYQNSW,36.83935
2024-07-07,B0CFV6V981,2.5748677
2024-07-07,B0CR49BQRS,1.159608
2024-07-07,B0CR49N6MQ,1.2531092
2024-07-07,B0CR49NR3B,0.9731644
2024-07-07,B0CR4BG4ZW,2.1153302
2024-07-07,B0CR4BGLK5,0.9731644
2024-07-07,B0CR4BK4FW,0.9731644
2024-07-07,B0CR4C5WXS,0.9731644
2024-07-07,B0CR4C98FS,0.9731644
2024-07-07,B0CY5KFQBD,0.9731644
2024-07-07,B0C9JLKFPZ,5.8921413
2024-07-07,B0CY5LR4VX,15.294653
2024-07-08,B09KDTHJ6V,8950.741
2024-07-08,B09KDR64LT,8950.741
2024-07-08,B09KDQ2BWY,8950.741
2024-07-08,B09KDPXYG3,8950.741
2024-07-08,B09MR36MLJ,8950.741
2024-07-08,B09KDN7PYR,8950.741
2024-07-08,B0B69SF1BT,8950.741
2024-07-08,B09KDLQ2GW,0.9910909
2024-07-08,B09KDNYCYR,8950.741
2024-07-08,B09KDTS4DC,8950.741
2024-07-08,B09KTMLQ1N,133.10645
2024-07-08,B09KDW1YKQ,8950.741
2024-07-08,B09KDXJJ6W,8950.741
2024-07-08,B09KDYY3SB,9.316539
2024-07-08,B09KDZQJ6P,0.9910909
2024-07-08,B09KSYL73R,22.24941
2024-07-08,B09KT5HMNY,8950.741
2024-07-08,B09KTF8ZDQ,8950.741
2024-07-08,B09KTFXX6L,52.802505
2024-07-08,B09KTJRHC7,26.646267
2024-07-08,B09MR3RSW8,8950.741
2024-07-08,B09KDVXTP4,8950.741
2024-07-08,B09KTMKDKJ,3.8742917
2024-07-08,B09X1HV1NL,0.93919706
2024-07-08,B0B69FBGN1,8950.741
2024-07-08,B09MR2FY5D,19.666468
2024-07-08,B09MR56Q9N,1.6478878
2024-07-08,B09X1DHRLN,8950.741
2024-07-08,B09MR5WS3Y,8950.741
2024-07-08,B09MR5Q6HJ,8950.741
2024-07-08,B09MR4G722,8950.741
2024-07-08,B09MR4Z3H9,8950.741
2024-07-08,B09MR4Z3H8,10.260075
2024-07-08,B09X1F8C23,31.427809
2024-07-08,B09MR4B13C,19.972225
2024-07-08,B09MR3Y296,8950.741
2024-07-08,B09X1F1L26,0.9910909
2024-07-08,B09X1JTK49,8950.741
2024-07-08,B0B31R1ZBV,8950.741
2024-07-08,B09MR3XT5G,109.09742
2024-07-08,B0B31V3PKG,8950.741
2024-07-08,B0B31VFJ6Q,16.90835
2024-07-08,B0B31Y1FDZ,2.158905
2024-07-08,B0B699PLXD,2.158905
2024-07-08,B0B69C4GST,8950.741
2024-07-08,B0B69DD2C7,8950.741
2024-07-08,B0B69DK8JN,8950.741
2024-07-08,B0B31T1XMH,8950.741
2024-07-08,B09KSXP3HN,68.68894
2024-07-08,B0BDRQWBK9,8950.741
2024-07-08,B0BGDZLDX2,8950.741
2024-07-08,B0BNKZ9BJR,8950.741
2024-07-08,B0BRCXP7VN,8950.741
2024-07-08,B0BG2Z8CY4,8950.741
2024-07-08,B0BGDWGRQB,8950.741
2024-07-08,B0BGDX2Z3L,0.9910909
2024-07-08,B0BGDXM13S,8950.741
2024-07-08,B0BGDXV7FD,0.9910909
2024-07-08,B0BNKYZD2Z,0.9910909
2024-07-08,B0BNKZ88Z5,0.9910909
2024-07-08,B0BDRTZTGX,1.0428139
2024-07-08,B0BNL13PNY,8950.741
2024-07-08,B0BRCW2B64,0.93919706
2024-07-08,B0BRCXDHBX,8950.741
2024-07-08,B0BRCXCXCV,1.1775343
2024-07-08,B0BRCW79VK,0.9910909
2024-07-08,B0BRCXJRX6,-3.6163528
2024-07-08,B0BNL5BKMK,0.9910909
2024-07-08,B0BNL4Y2J9,8950.741
2024-07-08,B0BNL4CB4X,8950.741
2024-07-08,B0B69GN5KJ,8950.741
2024-07-08,B0BNL3J36Z,0.9910909
2024-07-08,B0BRCXQMS5,11.239522
2024-07-08,B0CFV6V981,2.5748677
2024-07-08,B0BG2PD396,1.0428139
2024-07-08,B0BDRS6R5Z,8950.741
2024-07-08,B0CR49BQRS,0.9731644
2024-07-08,B0BRCXXBG2,8950.741
2024-07-08,B0BRCY8QMH,8950.741
2024-07-08,B0BRCYJ33N,10.282526
2024-07-08,B0BRCYJ4SR,8950.741
2024-07-08,B0BRCYK4JK,42.22629
2024-07-08,B0BRCYQNSW,24.81026
2024-07-08,B0BRCYV77T,16.683323
2024-07-08,B0BRCXSTKW,8950.741
2024-07-08,B0BRDCJWJC,0.93919706
2024-07-08,B0C9JLKFPZ,2.4803798
2024-07-08,B0CR49N6MQ,1.1802275
2024-07-08,B0BRDCBGFD,8950.741
2024-07-08,B0CR49NR3B,1.159608
2024-07-08,B0CY5QQ49F,1.9138323
2024-07-08,B0BRCXQRC9,3.055501
2024-07-08,B0CY5KFQBD,4.1034026
2024-07-08,B0CR4C98FS,0.9731644
2024-07-08,B0CY5LR4VX,15.24825
2024-07-08,B0CR4BK4FW,0.9731644
2024-07-08,B0CR4BGLK5,0.9731644
2024-07-08,B0CR4BG4ZW,7.8070674
2024-07-08,B0CR4C5WXS,0.9731644
2024-07-09,B09KDTS4DC,8950.741
2024-07-09,B0BDRS6R5Z,8950.741
2024-07-09,B09KDLQ2GW,0.9910909
2024-07-09,B09KDN7PYR,8950.741
2024-07-09,B09KDNYCYR,8950.741
2024-07-09,B09KDQ2BWY,8950.741
2024-07-09,B09KDR64LT,8950.741
2024-07-09,B09KDXJJ6W,8950.741
2024-07-09,B09KDTHJ6V,8950.741
2024-07-09,B09KDVXTP4,8950.741
2024-07-09,B09MR2FY5D,2.6233432
2024-07-09,B09KDYY3SB,1.9056333
2024-07-09,B09MR36MLJ,8950.741
2024-07-09,B09KSXP3HN,46.61253
2024-07-09,B09KT5HMNY,8950.741
2024-07-09,B09KTF8ZDQ,8950.741
2024-07-09,B09KTFXX6L,35.897964
2024-07-09,B09KTJRHC7,26.646267
2024-07-09,B09KTMKDKJ,2.0853689
2024-07-09,B09KTMLQ1N,144.70874
2024-07-09,B09MR3RSW8,8950.741
2024-07-09,B09KDW1YKQ,8950.741
2024-07-09,B09KDZQJ6P,0.9910909
2024-07-09,B09X1JTK49,8950.741
2024-07-09,B09MR3XT5G,130.36543
2024-07-09,B09MR4G722,8950.741
2024-07-09,B09MR4Z3H8,2.8771625
2024-07-09,B09MR4Z3H9,8950.741
2024-07-09,B09MR56Q9N,1.6478878
2024-07-09,B09MR5WS3Y,8950.741
2024-07-09,B09X1DHRLN,8950.741
2024-07-09,B09X1F1L26,0.9910909
2024-07-09,B09X1F8C23,1.6520283
2024-07-09,B09X1HV1NL,0.93919706
2024-07-09,B09MR4B13C,1.2759504
2024-07-09,B0B31VFJ6Q,27.929045
2024-07-09,B0B31R1ZBV,8950.741
2024-07-09,B0B31SM3ZR,8950.741
2024-07-09,B0B31T1XMH,8950.741
2024-07-09,B0B31V3PKG,8950.741
2024-07-09,B0B31Y1FDZ,-3.2127833
2024-07-09,B0B699PLXD,2.158905
2024-07-09,B0B69C4GST,8950.741
2024-07-09,B0B69DD2C7,8950.741
2024-07-09,B0B69DK8JN,8950.741
2024-07-09,B0B69N4B1S,8950.741
2024-07-09,B09MR3Y296,8950.741
2024-07-09,B09MR2MLZH,8950.741
2024-07-09,B09KSYL73R,4.552216
2024-07-09,B0BNKYZD2Z,0.93919706
2024-07-09,B0BNL13PNY,8950.741
2024-07-09,B0BRCXP7VN,8950.741
2024-07-09,B0BG2T78CJ,8950.741
2024-07-09,B0BGDWGRQB,8950.741
2024-07-09,B0BGDX2Z3L,0.9910909
2024-07-09,B0BGDXM13S,8950.741
2024-07-09,B0BGDXV7FD,0.9910909
2024-07-09,B0BGDZLDX2,8950.741
2024-07-09,B0BNKZ88Z5,0.9910909
2024-07-09,B0BNKZ9BJR,8950.741
2024-07-09,B0BRCXQMS5,0.9910909
2024-07-09,B0BG2PD396,1.0428139
2024-07-09,B0BNL3RDG4,8950.741
2024-07-09,B0BRCXJRX6,0.9910909
2024-07-09,B0BNL4Y2J9,8950.741
2024-07-09,B0BNL5BKMK,0.9910909
2024-07-09,B0BRCW2B64,0.9910909
2024-07-09,B0BRCW79VK,0.9910909
2024-07-09,B0BRCXCXCV,0.9910909
2024-07-09,B0BRCXDHBX,8950.741
2024-07-09,B0BNL3J36Z,0.93919706
2024-07-09,B0BDRQWBK9,8950.741
2024-07-09,B0BNL1CG6X,8950.741
2024-07-09,B0CY5QQ49F,1.2531092
2024-07-09,B0BNKZBJX2,8950.741
2024-07-09,B0CY5LR4VX,21.050507
2024-07-09,B0BRCXSTKW,8950.741
2024-07-09,B0BDRTZTGX,8950.741
2024-07-09,B0BRCXQRC9,0.9910909
2024-07-09,B0BRCXXBG2,8950.741
2024-07-09,B0BRCY8QMH,8950.741
2024-07-09,B0BRCYJ33N,2.4910538
2024-07-09,B0BRCYJ4SR,8950.741
2024-07-09,B0BRCYQNSW,9.570404
2024-07-09,B0BRCYV77T,2.1071317
2024-07-09,B0BRDCBGFD,8950.741
2024-07-09,B0BRDCJWJC,0.93919706
2024-07-09,B0BRCYK4JK,2.1071317
2024-07-09,B0CY5KFQBD,2.2419846
2024-07-09,B0CFV6V981,2.1153302
2024-07-09,B0CR49BQRS,1.1689185
2024-07-09,B0CR49N6MQ,5.172226
2024-07-09,B0CR49NR3B,0.9731644
2024-07-09,B0CR4BG4ZW,2.1153302
2024-07-09,B0CR4BGLK5,0.9731644
2024-07-09,B0CR4BK4FW,0.9731644
2024-07-09,B0CR4C5WXS,0.9731644
2024-07-09,B0CR4C98FS,0.9731644
2024-07-09,B0C9JLKFPZ,2.4910538
2024-07-10,B09KDTS4DC,8950.741
2024-07-10,B09KDTHJ6V,8950.741
2024-07-10,B09KDR64LT,8950.741
2024-07-10,B09KDQ2BWY,8950.741
2024-07-10,B09KDPXYG3,8950.741
2024-07-10,B09MR3Y296,8950.741
2024-07-10,B09KDN7PYR,8950.741
2024-07-10,B0BDRQWBK9,0.93919706
2024-07-10,B09MR3XT5G,113.043816
2024-07-10,B09KDVXTP4,8950.741
2024-07-10,B09KDNYCYR,8950.741
2024-07-10,B09KDW1YKQ,8950.741
2024-07-10,B09MR2FY5D,19.666468
2024-07-10,B09KDYY3SB,1.9056333
2024-07-10,B09KDZQJ6P,0.9910909
2024-07-10,B09KSXP3HN,59.93864
2024-07-10,B09KSYL73R,22.24941
2024-07-10,B09KT5HMNY,8950.741
2024-07-10,B09KTF8ZDQ,8950.741
2024-07-10,B09KTFXX6L,22.945084
2024-07-10,B09KTJRHC7,19.542994
2024-07-10,B09KTMKDKJ,2.6233432
2024-07-10,B09KTMLQ1N,119.75872
2024-07-10,B09KDLQ2GW,0.9910909
2024-07-10,B09KDXJJ6W,8950.741
2024-07-10,B09MR4G722,8950.741
2024-07-10,B09X1HV1NL,0.93919706
2024-07-10,B0B69GN5KJ,8950.741
2024-07-10,B09X1F1L26,0.9910909
2024-07-10,B0B31R1ZBV,8950.741
2024-07-10,B09X1JTK49,8950.741
2024-07-10,B09MR36MLJ,8950.741
2024-07-10,B09X1FWK8Z,8950.741
2024-07-10,B09X1F8C23,15.48323
2024-07-10,B09MR5WS3Y,8950.741
2024-07-10,B09X1DHRLN,8950.741
2024-07-10,B09MR56Q9N,1.6478878
2024-07-10,B09MR4Z3H9,8950.741
2024-07-10,B09MR4Z3H8,2.8771625
2024-07-10,B0B31T1XMH,8950.741
2024-07-10,B0B31SM3ZR,8950.741
2024-07-10,B0B69N4B1S,8950.741
2024-07-10,B0B31V3PKG,8950.741
2024-07-10,B0B31VFJ6Q,31.190104
2024-07-10,B0B31VTH56,8950.741
2024-07-10,B0B31Y1FDZ,8.601678
2024-07-10,B0B699PLXD,2.158905
2024-07-10,B0B69B8R3C,8950.741
2024-07-10,B0B69C4GST,8950.741
2024-07-10,B0B69DD2C7,8950.741
2024-07-10,B0B69DK8JN,8950.741
2024-07-10,B0B69FBGN1,8950.741
2024-07-10,B0B69G3YRM,8950.741
2024-07-10,B09MR4B13C,8.696995
2024-07-10,B09MR3RSW8,8950.741
2024-07-10,B09MR2MLZH,8950.741
2024-07-10,B0BG2T78CJ,8950.741
2024-07-10,B0BNKZCWFL,8950.741
2024-07-10,B0BRCXJRX6,0.9910909
2024-07-10,B0BGDWGRQB,8950.741
2024-07-10,B0BGDX2Z3L,0.9910909
2024-07-10,B0BGDXM13S,8950.741
2024-07-10,B0BGDXV7FD,0.9910909
2024-07-10,B0BGDZLDX2,8950.741
2024-07-10,B0BNKYPVM6,8950.741
2024-07-10,B0BNKYZD2Z,0.93919706
2024-07-10,B0BNKZ88Z5,0.9910909
2024-07-10,B0BNKZ9BJR,8950.741
2024-07-10,B0BNKZBJX2,8950.741
2024-07-10,B0BG2Z8CY4,8950.741
2024-07-10,B0BNL11QD8,8950.741
2024-07-10,B0BNL5BKMK,0.93919706
2024-07-10,B0BNL1CG6X,8950.741
2024-07-10,B0BRCXCXCV,0.9910909
2024-07-10,B0BRCW79VK,0.9910909
2024-07-10,B0BRCW2B64,0.9910909
2024-07-10,B0BRCXDHBX,8950.741
2024-07-10,B0BNL4Y2J9,8950.741
2024-07-10,B0BNL4S6MB,8950.741
2024-07-10,B0BNL4CB4X,8950.741
2024-07-10,B0BNL3RDG4,8950.741
2024-07-10,B0B69SF1BT,8950.741
2024-07-10,B0BRCXP7VN,8950.741
2024-07-10,B0CR4C98FS,0.9731644
2024-07-10,B0BNL3J36Z,0.93919706
2024-07-10,B0CY5QQ49F,0.9731644
2024-07-10,B0BRCXQRC9,0.9910909
2024-07-10,B0BRCXQMS5,11.149686
2024-07-10,B0BRCXSTKW,8950.741
2024-07-10,B0BRCXXBG2,8950.741
2024-07-10,B0BRCY8QMH,8950.741
2024-07-10,B0BRCYJ33N,1.8196576
2024-07-10,B0BRCYJ4SR,8950.741
2024-07-10,B0BRCYK4JK,4.919476
2024-07-10,B0BRCYQNSW,41.96981
2024-07-10,B0BRCYV77T,2.1071317
2024-07-10,B0BRDCBGFD,8950.741
2024-07-10,B0BRDCJWJC,0.93919706
2024-07-10,B0BSLWJKSX,8950.741
2024-07-10,B0BDRTZTGX,8950.741
2024-07-10,B0CFV6V981,11.578774
2024-07-10,B0C9JLKFPZ,1.1775343
2024-07-10,B0CY5LR4VX,48.322823
2024-07-10,B0CY5KFQBD,0.9731644
2024-07-10,B0BG2PD396,1.0428139
2024-07-10,B0CR4BK4FW,0.9731644
2024-07-10,B0CR4C5WXS,0.9731644
2024-07-10,B0CR4BG4ZW,2.1153302
2024-07-10,B0CR49NR3B,0.9731644
2024-07-10,B0CR49N6MQ,1.2531092
2024-07-10,B0CR49BQRS,0.9731644
2024-07-10,B0CQVLFPBQ,8950.741
2024-07-10,B0CR4BGLK5,6.128291
2024-07-11,B09KDTHJ6V,8950.741
2024-07-11,B09KDVXTP4,8950.741
2024-07-11,B09KDTS4DC,8950.741
2024-07-11,B09KDR64LT,8950.741
2024-07-11,B09MR3XT5G,109.09742
2024-07-11,B09KDNYCYR,8950.741
2024-07-11,B09KDN7PYR,8950.741
2024-07-11,B09KDLQ2GW,0.9910909
2024-07-11,B0BDRQWBK9,8950.741
2024-07-11,B09KDPXYG3,8950.741
2024-07-11,B09KDW1YKQ,8950.741
2024-07-11,B09KT5HMNY,8950.741
2024-07-11,B09KDYY3SB,3.9577847
2024-07-11,B09KDZQJ6P,0.9910909
2024-07-11,B09KSXP3HN,49.953354
2024-07-11,B09KSYL73R,9.141313
2024-07-11,B09KTF8ZDQ,8950.741
2024-07-11,B09KTFXX6L,18.355988
2024-07-11,B09KTJRHC7,9.821189
2024-07-11,B09KTMKDKJ,2.6233432
2024-07-11,B09KTMLQ1N,83.10208
2024-07-11,B09MR2FY5D,2.6233432
2024-07-11,B09MR2MLZH,8950.741
2024-07-11,B09MR3Y296,2.158905
2024-07-11,B09KDXJJ6W,8950.741
2024-07-11,B09KDQ2BWY,8950.741
2024-07-11,B0B31V3PKG,8950.741
2024-07-11,B09MR36MLJ,8950.741
2024-07-11,B09X1F1L26,-7.65952
2024-07-11,B0B31R1ZBV,8950.741
2024-07-11,B09X1JTK49,8950.741
2024-07-11,B09X1HV1NL,0.93919706
2024-07-11,B09X1FWK8Z,8950.741
2024-07-11,B09X1F8C23,45.779865
2024-07-11,B09MR56Q9N,1.5782382
2024-07-11,B09X1DHRLN,8950.741
2024-07-11,B09MR5WS3Y,8950.741
2024-07-11,B09MR4Z3H8,2.7206612
2024-07-11,B09MR4Z3H9,8950.741
2024-07-11,B0B31T1XMH,8950.741
2024-07-11,B0B31SM3ZR,8950.741
2024-07-11,B0B69FBGN1,8950.741
2024-07-11,B0B31VFJ6Q,26.855545
2024-07-11,B0B31VTH56,8950.741
2024-07-11,B0B31Y1FDZ,27.298702
2024-07-11,B0B699PLXD,2.158905
2024-07-11,B0B69B8R3C,8950.741
2024-07-11,B0B69C4GST,8950.741
2024-07-11,B0B69DD2C7,8950.741
2024-07-11,B0B69DK8JN,8950.741
2024-07-11,B0B69G3YRM,8950.741
2024-07-11,B0B69GN5KJ,8950.741
2024-07-11,B0B69N4B1S,8950.741
2024-07-11,B09MR4G722,8950.741
2024-07-11,B09MR3RSW8,8950.741
2024-07-11,B09MR4B13C,26.394192
2024-07-11,B0BRCXQMS5,21.685286
2024-07-11,B0BNKZCWFL,8950.741
2024-07-11,B0BRCXDHBX,8950.741
2024-07-11,B0BG2T78CJ,8950.741
2024-07-11,B0BG2Z8CY4,8950.741
2024-07-11,B0BGDWGRQB,8950.741
2024-07-11,B0BGDX2Z3L,0.9910909
2024-07-11,B0BGDXM13S,8950.741
2024-07-11,B0BGDXV7FD,0.9910909
2024-07-11,B0BGDZLDX2,8950.741
2024-07-11,B0BNKYZD2Z,0.93919706
2024-07-11,B0BNKZ88Z5,0.93919706
2024-07-11,B0BNKZ9BJR,8950.741
2024-07-11,B0BNKZBJX2,8950.741
2024-07-11,B0BNKYPVM6,8950.741
2024-07-11,B0BNL11QD8,8950.741
2024-07-11,B0BNL4S6MB,8950.741
2024-07-11,B0BRCW79VK,0.9910909
2024-07-11,B0BRCW2B64,0.93919706
2024-07-11,B0BNL5BKMK,0.9910909
2024-07-11,B0BNL4Y2J9,8950.741
2024-07-11,B0BNL4CB4X,8950.741
2024-07-11,B0BNL3J36Z,0.93919706
2024-07-11,B0BNL1CG6X,8950.741
2024-07-11,B0BNL3RDG4,8950.741
2024-07-11,B0B69SF1BT,8950.741
2024-07-11,B0BRCXJRX6,0.9910909
2024-07-11,B0BSLWJKSX,8950.741
2024-07-11,B0BRCXCXCV,0.9910909
2024-07-11,B0CY5QQ49F,1.0428139
2024-07-11,B0BG2PD396,1.0428139
2024-07-11,B0BDRTZTGX,8950.741
2024-07-11,B0BRCXP7VN,8950.741
2024-07-11,B0BRCXQRC9,0.9910909
2024-07-11,B0BRCXXBG2,8950.741
2024-07-11,B0BRCY8QMH,8950.741
2024-07-11,B0BRCYJ33N,6.5772705
2024-07-11,B0BRCYJ4SR,8950.741
2024-07-11,B0BRCYK4JK,3.229686
2024-07-11,B0BRCYQNSW,25.07133
2024-07-11,B0BRCYV77T,2.3773596
2024-07-11,B0BRDCBGFD,8950.741
2024-07-11,B0BRDCJWJC,0.9910909
2024-07-11,B0BRCXSTKW,8950.741
2024-07-11,B0CFV6V981,-3.458889
2024-07-11,B0C9JLKFPZ,0.9910909
2024-07-11,B0CY5KFQBD,1.0428139
2024-07-11,B0CY5LR4VX,42.466644
2024-07-11,B0CR4C5WXS,0.9731644
2024-07-11,B0CR4BK4FW,1.0428139
2024-07-11,B0CR4C98FS,2.7962162
2024-07-11,B0CR4BG4ZW,2.5748677
2024-07-11,B0CR49NR3B,0.9731644
2024-07-11,B0CR49N6MQ,1.2531092
2024-07-11,B0CR49BQRS,1.1634128
2024-07-11,B0CQVLFPBQ,8950.741
2024-07-11,B0CR4BGLK5,0.9731644
2024-07-12,B09KDXJJ6W,8950.741
2024-07-12,B09KDLQ2GW,0.9910909
2024-07-12,B0BG2PD396,1.0428139
2024-07-12,B09KDNYCYR,8950.741
2024-07-12,B09KDPXYG3,8950.741
2024-07-12,B09KDQ2BWY,8950.741
2024-07-12,B09KDR64LT,8950.741
2024-07-12,B09KDTHJ6V,8950.741
2024-07-12,B09KDVXTP4,8950.741
2024-07-12,B09KDW1YKQ,8950.741
2024-07-12,B09KSYL73R,22.24941
2024-07-12,B09MR36MLJ,8950.741
2024-07-12,B09KDZQJ6P,0.9910909
2024-07-12,B09KSXP3HN,43.23985
2024-07-12,B09KTF8ZDQ,8950.741
2024-07-12,B09KTFXX6L,28.961988
2024-07-12,B09KTJRHC7,20.284994
2024-07-12,B09KTMKDKJ,-3.606463
2024-07-12,B09MR3RSW8,8950.741
2024-07-12,B09KTMLQ1N,127.96625
2024-07-12,B09KDYY3SB,6.3414564
2024-07-12,B09KDN7PYR,8950.741
2024-07-12,B09X1F8C23,45.779865
2024-07-12,B09MR3XT5G,72.20188
2024-07-12,B09MR2FY5D,13.788155
2024-07-12,B09X1HV1NL,19.713224
2024-07-12,B09MR4Z3H8,10.75893
2024-07-12,B09MR4B13C,25.33033
2024-07-12,B09MR4Z3H9,8950.741
2024-07-12,B09MR56Q9N,4.3440685
2024-07-12,B09MR5WS3Y,8950.741
2024-07-12,B09X1DHRLN,8950.741
2024-07-12,B09X1F1L26,0.9910909
2024-07-12,B09MR3Y296,8950.741
2024-07-12,B09X1FWK8Z,8950.741
2024-07-12,B09X1JTK49,8950.741
2024-07-12,B0B31R1ZBV,8950.741
2024-07-12,B0B31T1XMH,8950.741
2024-07-12,B0B31V3PKG,8950.741
2024-07-12,B0B31VFJ6Q,33.743217
2024-07-12,B0B31VTH56,8950.741
2024-07-12,B0B699PLXD,8950.741
2024-07-12,B0B69B8R3C,8950.741
2024-07-12,B0B69FBGN1,8950.741
2024-07-12,B0B69DK8JN,8950.741
2024-07-12,B0BDRTZTGX,8950.741
2024-07-12,B0BRCYV77T,4.159283
2024-07-12,B0BG2T78CJ,8950.741
2024-07-12,B0BGDX2Z3L,10.324234
2024-07-12,B0BRCXQRC9,0.9910909
2024-07-12,B0BGDXM13S,8950.741
2024-07-12,B0BGDXV7FD,8.02339
2024-07-12,B0BGDZLDX2,8950.741
2024-07-12,B0BNKY8RQN,8950.741
2024-07-12,B0BNKYZD2Z,0.9910909
2024-07-12,B0BNKZ88Z5,0.93919706
2024-07-12,B0BNKZCWFL,8950.741
2024-07-12,B0BNL3J36Z,0.9910909
2024-07-12,B0BNKYPVM6,8950.741
2024-07-12,B0BNL5BKMK,0.9910909
2024-07-12,B0BNL5HYLR,8950.741
2024-07-12,B0BNL5JR7V,8950.741
2024-07-12,B0BRCW2B64,0.93919706
2024-07-12,B0BRCW79VK,4.0404854
2024-07-12,B0BRCXCXCV,0.9910909
2024-07-12,B0BRCXDHBX,8950.741
2024-07-12,B0B31Y1FDZ,3.5425308
2024-07-12,B0BRCXQMS5,5.1349354
2024-07-12,B0BNL46Y7W,8950.741
2024-07-12,B0BRCXSTKW,8950.741
2024-07-12,B0BRCXJRX6,0.9910909
2024-07-12,B0BRCY8QMH,8950.741
2024-07-12,B0CR49NR3B,0.9731644
2024-07-12,B0CR49BQRS,5.8329487
2024-07-12,B0BRCYK4JK,1.24491
2024-07-12,B0BRCYQNSW,30.800829
2024-07-12,B0BRDCBGFD,8950.741
2024-07-12,B0BRDCJWJC,0.9910909
2024-07-12,B0BSLVXHYJ,8950.741
2024-07-12,B0C9JLKFPZ,0.9910909
2024-07-12,B0CFV6V981,1.9138323
2024-07-12,B0CR49N6MQ,1.1689185
2024-07-12,B0BRCYJ33N,11.399117
2024-07-12,B0CR4BG4ZW,2.1153302
2024-07-12,B0CR4BGLK5,1.1689185
2024-07-12,B0CR4BK4FW,1.0428139
2024-07-12,B0CR4C5WXS,0.9731644
2024-07-12,B0CR4C98FS,0.9731644
2024-07-12,B0CY5KFQBD,11.102107
2024-07-12,B0CY5LR4VX,14.97404
2024-07-12,B0BGDWGRQB,8950.741
2024-07-12,B0CY5QQ49F,1.0428139
2024-07-12,B0BRCXXBG2,8950.741
2024-07-13,B09KDVXTP4,8950.741
2024-07-13,B09KDTHJ6V,8950.741
2024-07-13,B0BDRTZTGX,8950.741
2024-07-13,B09KDQ2BWY,8950.741
2024-07-13,B09KDN7PYR,8950.741
2024-07-13,B09KDYY3SB,1.5151379
2024-07-13,B09KDR64LT,8950.741
2024-07-13,B09KDW1YKQ,8950.741
2024-07-13,B09KTF8ZDQ,8950.741
2024-07-13,B09KDZQJ6P,0.9910909
2024-07-13,B09MR3XT5G,79.167366
2024-07-13,B09KSXP3HN,61.817085
2024-07-13,B09KTFXX6L,40.706326
2024-07-13,B09KTJRHC7,23.145355
2024-07-13,B09KTMKDKJ,3.739384
2024-07-13,B09KTMLQ1N,102.767944
2024-07-13,B09MR3Y296,2.158905
2024-07-13,B09MR2FY5D,10.579754
2024-07-13,B09KDXJJ6W,8950.741
2024-07-13,B09KSYL73R,20.162006
2024-07-13,B0B31T1XMH,8950.741
2024-07-13,B0B69FBGN1,8950.741
2024-07-13,B09MR3RSW8,8950.741
2024-07-13,B09MR4Z3H9,8950.741
2024-07-13,B0B31R1ZBV,8950.741
2024-07-13,B09MR5WS3Y,8950.741
2024-07-13,B09X1F1L26,0.9910909
2024-07-13,B09X1F8C23,44.450275
2024-07-13,B09X1FWK8Z,8950.741
2024-07-13,B09X1HV1NL,25.75631
2024-07-13,B09X1JTK49,8950.741
2024-07-13,B09MR56Q9N,12.384578
2024-07-13,B0B31Y1FDZ,2.158905
2024-07-13,B0B31V3PKG,8950.741
2024-07-13,B0B31VFJ6Q,35.348934
2024-07-13,B0B699PLXD,8950.741
2024-07-13,B0B69B8R3C,8950.741
2024-07-13,B0B69C4GST,8950.741
2024-07-13,B09KDLQ2GW,10.324234
2024-07-13,B0B69DK8JN,8950.741
2024-07-13,B09MR4B13C,33.512306
2024-07-13,B09MR4Z3H8,12.28407
2024-07-13,B0B69SF1BT,8950.741
2024-07-13,B0BRCYQNSW,53.481964
2024-07-13,B0BG2PD396,1.0428139
2024-07-13,B0BNL5CJ8G,8950.741
2024-07-13,B0BGDWGRQB,8950.741
2024-07-13,B0BRCXQMS5,9.082123
2024-07-13,B0BGDX2Z3L,0.9910909
2024-07-13,B0BGDXV7FD,0.9910909
2024-07-13,B0BNKY8RQN,8950.741
2024-07-13,B0BNKYPVM6,8950.741
2024-07-13,B0BNL3J36Z,0.93919706
2024-07-13,B0BRCXQRC9,0.9910909
2024-07-13,B0BNL5BKMK,0.93919706
2024-07-13,B0BNL5HYLR,8950.741
2024-07-13,B0BRCW79VK,0.9910909
2024-07-13,B0BRCXP7VN,8950.741
2024-07-13,B0BRCXDHBX,8950.741
2024-07-13,B0BRCXCXCV,0.9910909
2024-07-13,B0BRCXJRX6,0.9910909
2024-07-13,B0BRCW2B64,0.93919706
2024-07-13,B0B69DD2C7,8950.741
2024-07-13,B0BNKYZD2Z,0.9910909
2024-07-13,B0CR49BQRS,7.2883654
2024-07-13,B0BNKZ88Z5,0.93919706
2024-07-13,B0BG2T78CJ,8950.741
2024-07-13,B0BRCXXBG2,8950.741
2024-07-13,B0BRCYJ33N,5.749251
2024-07-13,B0BRCYK4JK,7.203677
2024-07-13,B0BNL5JR7V,8950.741
2024-07-13,B0BRCYV77T,4.4203515
2024-07-13,B0BRDCBGFD,8950.741
2024-07-13,B0BRDCJWJC,0.93919706
2024-07-13,B0C9JLKFPZ,0.9910909
2024-07-13,B0CFV6V981,1.0412676
2024-07-13,B0CR49N6MQ,1.1634128
2024-07-13,B0BSLVXHYJ,8950.741
2024-07-13,B0CY5LR4VX,13.446528
2024-07-13,B0CR4BG4ZW,6.2027264
2024-07-13,B0CR4BGLK5,2.031244
2024-07-13,B0CR4BK4FW,0.9731644
2024-07-13,B0CR4C5WXS,0.9731644
2024-07-13,B0CR4C98FS,0.9731644
2024-07-13,B0CY5KFQBD,1.2531092
2024-07-13,B0CR49NR3B,1.1689185
2024-07-13,B0CY5QQ49F,1.1689185
2024-07-14,B09KDR64LT,8950.741
2024-07-14,B09KDQ2BWY,8950.741
2024-07-14,B09KDPXYG3,8950.741
2024-07-14,B09KDYY3SB,2.1758611
2024-07-14,B09KDLQ2GW,0.9910909
2024-07-14,B0BDRTZTGX,8950.741
2024-07-14,B09KDTHJ6V,8950.741
2024-07-14,B09KDN7PYR,8950.741
2024-07-14,B09KDW1YKQ,8950.741
2024-07-14,B09MR2MLZH,8950.741
2024-07-14,B09KDZQJ6P,0.9910909
2024-07-14,B09MR3RSW8,8950.741
2024-07-14,B09KSYL73R,22.24941
2024-07-14,B09KTF8ZDQ,8950.741
2024-07-14,B09KTFXX6L,40.967396
2024-07-14,B09KTJRHC7,9.821189
2024-07-14,B09KTMKDKJ,2.6233432
2024-07-14,B09KTMLQ1N,97.321526
2024-07-14,B09MR3XT5G,79.167366
2024-07-14,B09KDXJJ6W,8950.741
2024-07-14,B09KSXP3HN,61.817085
2024-07-14,B09MR4Z3H9,8950.741
2024-07-14,B09MR3Y296,2.158905
2024-07-14,B0B31R1ZBV,8950.741
2024-07-14,B09MR36MLJ,8950.741
2024-07-14,B09MR56Q9N,6.6133943
2024-07-14,B09MR5WS3Y,8950.741
2024-07-14,B09X1DHRLN,8950.741
2024-07-14,B09X1F1L26,0.9910909
2024-07-14,B09X1F8C23,44.42119
2024-07-14,B09X1HV1NL,25.75631
2024-07-14,B09X1JTK49,8950.741
2024-07-14,B09MR4B13C,33.512306
2024-07-14,B09MR4Z3H8,10.920797
2024-07-14,B0B31SM3ZR,8950.741
2024-07-14,B0B31T1XMH,8950.741
2024-07-14,B0B31V3PKG,8950.741
2024-07-14,B0B31VFJ6Q,21.575716
2024-07-14,B0B31VTH56,8950.741
2024-07-14,B0B31Y1FDZ,2.158905
2024-07-14,B0B699PLXD,8950.741
2024-07-14,B0B69B8R3C,8950.741
2024-07-14,B0B69DD2C7,8950.741
2024-07-14,B0B69DK8JN,8950.741
2024-07-14,B0BDRQWBK9,8950.741
2024-07-14,B09MR2FY5D,7.792573
2024-07-14,B0BG2PD396,1.0428139
2024-07-14,B0BNL5BKMK,0.9910909
2024-07-14,B0BRCXQRC9,2.8722076
2024-07-14,B0BGDXM13S,8950.741
2024-07-14,B0BGDXV7FD,0.9910909
2024-07-14,B0BGDZLDX2,8950.741
2024-07-14,B0BNKYPVM6,8950.741
2024-07-14,B0BNKYZD2Z,0.93919706
2024-07-14,B0BNKZ88Z5,0.93919706
2024-07-14,B0BNKZCWFL,8950.741
2024-07-14,B0BRCXSTKW,8950.741
2024-07-14,B0BGDWGRQB,8950.741
2024-07-14,B0BRCXDHBX,8950.741
2024-07-14,B0BNL5HYLR,8950.741
2024-07-14,B0BRCXP7VN,8950.741
2024-07-14,B0BRCXJRX6,1.1775343
2024-07-14,B0BRCXQMS5,3.5581305
2024-07-14,B0BRCXCXCV,0.9910909
2024-07-14,B0BRCW79VK,0.9910909
2024-07-14,B0BRCW2B64,0.93919706
2024-07-14,B0BGDX2Z3L,10.324234
2024-07-14,B0BNL5CJ8G,8950.741
2024-07-14,B0CY5LR4VX,3.545044
2024-07-14,B0BNL3J36Z,0.9910909
2024-07-14,B0CY5QQ49F,1.1689185
2024-07-14,B0BRCY8QMH,8950.741
2024-07-14,B0BRCYJ33N,6.7787685
2024-07-14,B0BRCYJ4SR,8950.741
2024-07-14,B0BRCYK4JK,23.251028
2024-07-14,B0BRCYQNSW,78.848816
2024-07-14,B0BRCYV77T,6.3414564
2024-07-14,B0BRDCBGFD,8950.741
2024-07-14,B0BRDCJWJC,0.93919706
2024-07-14,B0C9JLKFPZ,1.0884088
2024-07-14,B0CFV6V981,-4.5566845
2024-07-14,B0CR49BQRS,1.2531092
2024-07-14,B0BG2VYWSG,8950.741
2024-07-14,B0BRCXXBG2,8950.741
2024-07-14,B0CR49NR3B,0.9731644
2024-07-14,B0CR4BG4ZW,1.2531092
2024-07-14,B0CR4BGLK5,0.9731644
2024-07-14,B0CR4BK4FW,1.0428139
2024-07-14,B0CR4C5WXS,1.1689185
2024-07-14,B0CR4C98FS,0.9731644
2024-07-14,B0CY5KFQBD,0.9731644
2024-07-14,B0CR49N6MQ,1.2531092
2024-07-15,B09KDTHJ6V,8950.741
2024-07-15,B09KDR64LT,8950.741
2024-07-15,B09KDLQ2GW,2.8722076
2024-07-15,B09KDQ2BWY,8950.741
2024-07-15,B09MR3RSW8,8950.741
2024-07-15,B09KDN7PYR,8950.741
2024-07-15,B0BDRS6R5Z,8950.741
2024-07-15,B09KDTS4DC,8950.741
2024-07-15,B09KDYY3SB,1.9056333
2024-07-15,B09KDPXYG3,8950.741
2024-07-15,B09KDVXTP4,8950.741
2024-07-15,B09KSYL73R,27.208298
2024-07-15,B09KDZQJ6P,0.93919706
2024-07-15,B09MR36MLJ,8950.741
2024-07-15,B09KSXP3HN,61.817085
2024-07-15,B09KT5HMNY,8950.741
2024-07-15,B09KTF8ZDQ,8950.741
2024-07-15,B09KTFXX6L,30.926964
2024-07-15,B09KTJRHC7,9.821189
2024-07-15,B09KTMKDKJ,4.3634686
2024-07-15,B09KTMLQ1N,108.05208
2024-07-15,B09KDW1YKQ,8950.741
2024-07-15,B09KDXJJ6W,8950.741
2024-07-15,B09X1JTK49,8950.741
2024-07-15,B09MR3XT5G,79.167366
2024-07-15,B09MR2FY5D,10.579754
2024-07-15,B09MR4G722,8950.741
2024-07-15,B09MR4Z3H8,2.6233432
2024-07-15,B09MR56Q9N,4.403639
2024-07-15,B09MR5WS3Y,8950.741
2024-07-15,B09X1DHRLN,8950.741
2024-07-15,B09X1F1L26,0.9910909
2024-07-15,B09X1F8C23,15.48323
2024-07-15,B09X1HV1NL,38.00116
2024-07-15,B09MR4Z3H9,8950.741
2024-07-15,B0B31Y1FDZ,2.158905
2024-07-15,B0B31R1ZBV,8950.741
2024-07-15,B0B31T1XMH,8950.741
2024-07-15,B0B31V3PKG,8950.741
2024-07-15,B0B31VFJ6Q,19.334568
2024-07-15,B0B31VTH56,8950.741
2024-07-15,B0B69B8R3C,8950.741
2024-07-15,B0B69C4GST,8950.741
2024-07-15,B0B69DD2C7,8950.741
2024-07-15,B0B69DK8JN,8950.741
2024-07-15,B0B69FBGN1,8950.741
2024-07-15,B09MR3Y296,7.0063267
2024-07-15,B09MR2MLZH,8950.741
2024-07-15,B09MR4B13C,14.008518
2024-07-15,B0CR4C98FS,0.9731644
2024-07-15,B0BNL1MQ48,8950.741
2024-07-15,B0BG2VYWSG,8950.741
2024-07-15,B0BGDWGRQB,8950.741
2024-07-15,B0BGDX2Z3L,0.9910909
2024-07-15,B0BGDXM13S,8950.741
2024-07-15,B0BGDXV7FD,0.9910909
2024-07-15,B0BGDZLDX2,8950.741
2024-07-15,B0BNKYZD2Z,0.93919706
2024-07-15,B0BNKZ88Z5,0.93919706
2024-07-15,B0BNKZCWFL,8950.741
2024-07-15,B0BRCXQMS5,6.3414564
2024-07-15,B0BNKYPVM6,8950.741
2024-07-15,B0BRCXJRX6,0.9910909
2024-07-15,B0BNL3ZV7H,8950.741
2024-07-15,B0BRCXDHBX,8950.741
2024-07-15,B0BRCXCXCV,1.1775343
2024-07-15,B0BRCXP7VN,8950.741
2024-07-15,B0BNL5BKMK,0.9910909
2024-07-15,B0BRCW2B64,0.93919706
2024-07-15,B0BNL5HYLR,8950.741
2024-07-15,B0BNL5CJ8G,8950.741
2024-07-15,B0B69SF1BT,8950.741
2024-07-15,B0BNL3J36Z,0.93919706
2024-07-15,B0CY5QQ49F,10.201673
2024-07-15,B0BRCW79VK,0.9910909
2024-07-15,B0BG2PD396,1.0428139
2024-07-15,B0BRCXSTKW,8950.741
2024-07-15,B0BDRTZTGX,0.9731644
2024-07-15,B0BRCXQRC9,0.9910909
2024-07-15,B0BRCXXBG2,8950.741
2024-07-15,B0BRCY8QMH,8950.741
2024-07-15,B0BRCYJ33N,3.9577847
2024-07-15,B0BRCYK4JK,0.9910909
2024-07-15,B0BRCYQNSW,78.848816
2024-07-15,B0BRCYV77T,7.203677
2024-07-15,B0BRDCBGFD,8950.741
2024-07-15,B0BRDCJWJC,0.93919706
2024-07-15,B0BRCYJ4SR,8950.741
2024-07-15,B0CR4BK4FW,0.9731644
2024-07-15,B0CFV6V981,1.0467733
2024-07-15,B0CR49BQRS,1.2531092
2024-07-15,B0CR49N6MQ,1.079793
2024-07-15,B0CR49NR3B,0.9731644
2024-07-15,B0CR4BG4ZW,1.1689185
2024-07-15,B0CR4BGLK5,5.071329
2024-07-15,B0CY5LR4VX,11.604725
2024-07-15,B0CR4C5WXS,0.9731644
2024-07-15,B0CY5KFQBD,0.9731644
2024-07-15,B0C9JLKFPZ,0.9910909
2024-07-16,B09KDTS4DC,8950.741
2024-07-16,B09KSXP3HN,1150.3561
2024-07-16,B09KDTHJ6V,8950.741
2024-07-16,B09KDW1YKQ,8950.741
2024-07-16,B09KDVXTP4,8950.741
2024-07-16,B09KDR64LT,8950.741
2024-07-16,B09KDLQ2GW,16.094347
2024-07-16,B09KDPXYG3,8950.741
2024-07-16,B09KDNYCYR,8950.741
2024-07-16,B0BGDXV7FD,8.02339
2024-07-16,B09KDXJJ6W,8950.741
2024-07-16,B09KDQ2BWY,8950.741
2024-07-16,B09KDYY3SB,77.42282
2024-07-16,B09MR36MLJ,8950.741
2024-07-16,B09KSYL73R,142.25993
2024-07-16,B09MR4D874,8950.741
2024-07-16,B09KT5HMNY,8950.741
2024-07-16,B09KTF8ZDQ,8950.741
2024-07-16,B09KTFXX6L,1702.709
2024-07-16,B09KTJRHC7,23.145355
2024-07-16,B09KTMKDKJ,2.6233432
2024-07-16,B09KTMLQ1N,1160.536
2024-07-16,B09MR2FY5D,38.7981
2024-07-16,B09MR2MLZH,8950.741
2024-07-16,B09MR3XT5G,1064.127
2024-07-16,B09MR3Y296,2.0892553
2024-07-16,B09MR4G722,8950.741
2024-07-16,B09KDZQJ6P,0.9910909
2024-07-16,B09KDN7PYR,8950.741
2024-07-16,B0B31SM3ZR,8950.741
2024-07-16,B09MR4Z3H8,21.3763
2024-07-16,B09X1JTK49,8950.741
2024-07-16,B0B31VFJ6Q,241.28835
2024-07-16,B0B31T1XMH,8950.741
2024-07-16,B0B31SVP2Q,8950.741
2024-07-16,B09MR4B13C,1115.0922
2024-07-16,B0B31R1ZBV,8950.741
2024-07-16,B09X1FWK8Z,8950.741
2024-07-16,B09X1HV1NL,235.75258
2024-07-16,B09X1F8C23,1058.4584
2024-07-16,B09X1F1L26,0.9910909
2024-07-16,B09MR56Q9N,39.813747
2024-07-16,B09MR5WS3Y,8950.741
2024-07-16,B0B31Y1FDZ,2.158905
2024-07-16,B0B31VTH56,8950.741
2024-07-16,B0BG2T78CJ,8950.741
2024-07-16,B0B699PLXD,8950.741
2024-07-16,B0B69C4GST,8950.741
2024-07-16,B0B69DK8JN,8950.741
2024-07-16,B0B69FBGN1,8950.741
2024-07-16,B0B69GN5KJ,8950.741
2024-07-16,B0B69N4B1S,8950.741
2024-07-16,B0B69SF1BT,8950.741
2024-07-16,B0BDRQWBK9,8950.741
2024-07-16,B0BDRS6R5Z,8950.741
2024-07-16,B0BDRTZTGX,8950.741
2024-07-16,B0BG2PD396,1.0428139
2024-07-16,B0BGDWGRQB,8950.741
2024-07-16,B09MR4Z3H9,8950.741
2024-07-16,B0BGDX2Z3L,4.0404854
2024-07-16,B09MR3RSW8,8950.741
2024-07-16,B0BGDZLDX2,8950.741
2024-07-16,B0BNL3J36Z,0.9910909
2024-07-16,B0BRCXDHBX,8950.741
2024-07-16,B0BNKYZD2Z,0.9910909
2024-07-16,B0BNKZ5BR1,8950.741
2024-07-16,B0BNKZBJX2,8950.741
2024-07-16,B0BNKZCWFL,8950.741
2024-07-16,B0BNKZF51P,8950.741
2024-07-16,B0BNL117VT,8950.741
2024-07-16,B0BNL11QD8,8950.741
2024-07-16,B0BNL13PNY,8950.741
2024-07-16,B0BNL1MQ48,8950.741
2024-07-16,B0BNL1RDVC,8950.741
2024-07-16,B0BNL1WL6R,8950.741
2024-07-16,B0BRCXJRX6,12.365105
2024-07-16,B0BNL2VK7L,8950.741
2024-07-16,B0BNL3RDG4,8950.741
2024-07-16,B0BNL5LCM5,8950.741
2024-07-16,B0BNL3ZV7H,8950.741
2024-07-16,B0BRCW2B64,0.93919706
2024-07-16,B0BNL7TJRT,8950.741
2024-07-16,B0BNL6H152,8950.741
2024-07-16,B0BRCW79VK,0.9910909
2024-07-16,B0BNL5HYLR,8950.741
2024-07-16,B0BNL4Y2J9,8950.741
2024-07-16,B0BNL4S7GH,8950.741
2024-07-16,B0BNL5CJ8G,8950.741
2024-07-16,B0BNKZ88Z5,0.9910909
2024-07-16,B0BNL5BKMK,0.9910909
2024-07-16,B0BNKZ9BJR,8950.741
2024-07-16,B0CR4C5WXS,2.5748677
2024-07-16,B0BRCXCXCV,215.42279
2024-07-16,B0CY5QQ49F,111.21597
2024-07-16,B0BRCXQMS5,65.526436
2024-07-16,B0BRCXP7VN,8950.741
2024-07-16,B0BRCXSTKW,8950.741
2024-07-16,B0BRCXXBG2,8950.741
2024-07-16,B0BRCY8QMH,8950.741
2024-07-16,B0BRCYJ33N,53.294804
2024-07-16,B0BRCYJ4SR,8950.741
2024-07-16,B0BRCYK4JK,146.91563
2024-07-16,B0BRCYQNSW,233.06879
2024-07-16,B0BRCYV77T,52.62882
2024-07-16,B0BRDCBGFD,8950.741
2024-07-16,B0BRDCJWJC,0.9910909
2024-07-16,B0BSLTZV4Z,8950.741
2024-07-16,B0BRCXQRC9,44.450275
2024-07-16,B0BSLWJKSX,8950.741
2024-07-16,B0BSLVXHYJ,8950.741
2024-07-16,B0CY5KFQBD,27.927595
2024-07-16,B0CY5LR4VX,293.41885
2024-07-16,B0CR4C98FS,1.2531092
2024-07-16,B0BNKYW36G,8950.741
2024-07-16,B0CR4BGLK5,74.11245
2024-07-16,B0CR4BK4FW,0.9731644
2024-07-16,B0CR49NR3B,6.106139
2024-07-16,B0CR49N6MQ,3.545044
2024-07-16,B0CR49BQRS,127.941765
2024-07-16,B0CFV6V981,10.448725
2024-07-16,B0C9JLKFPZ,26.298061
2024-07-16,B0CR4BG4ZW,92.648544
2024-07-17,B09KDTHJ6V,8950.741
2024-07-17,B09KDVXTP4,8950.741
2024-07-17,B09KDTS4DC,8950.741
2024-07-17,B09KDR64LT,8950.741
2024-07-17,B09KDLQ2GW,2.8722076
2024-07-17,B09KDPXYG3,8950.741
2024-07-17,B09KDNYCYR,8950.741
2024-07-17,B09KDN7PYR,8950.741
2024-07-17,B09KDW1YKQ,8950.741
2024-07-17,B09MR4B13C,297.97183
2024-07-17,B09KDQ2BWY,8950.741
2024-07-17,B09KDXJJ6W,8950.741
2024-07-17,B09KTF8ZDQ,8950.741
2024-07-17,B09KDZQJ6P,8.500058
2024-07-17,B09KSXP3HN,1108.3556
2024-07-17,B09KSYL73R,49.402794
2024-07-17,B09KT5HMNY,8950.741
2024-07-17,B09KTFXX6L,222.44244
2024-07-17,B09KTJRHC7,33.08457
2024-07-17,B09KTMKDKJ,2.6233432
2024-07-17,B09KTMLQ1N,1558.7798
2024-07-17,B09MR2FY5D,675.6269
2024-07-17,B09MR2MLZH,8950.741
2024-07-17,B09MR4D874,8950.741
2024-07-17,B09MR3RSW8,8950.741
2024-07-17,B09KDYY3SB,29.947685
2024-07-17,B0BNKY8RQN,8950.741
2024-07-17,B0B31Y1FDZ,2.158905
2024-07-17,B0BGDXV7FD,9.451587
2024-07-17,B09MR3XT5G,1532.4762
2024-07-17,B09X1JTK49,8950.741
2024-07-17,B0B31V3PKG,8950.741
2024-07-17,B0B31T1XMH,8950.741
2024-07-17,B0B31SVP2Q,8950.741
2024-07-17,B0B31SM3ZR,8950.741
2024-07-17,B0B31R1ZBV,8950.741
2024-07-17,B09MR4Z3H9,8950.741
2024-07-17,B09X1HV1NL,293.55896
2024-07-17,B09X1F8C23,347.4956
2024-07-17,B09X1F1L26,6.223004
2024-07-17,B09MR5WS3Y,8950.741
2024-07-17,B09MR56Q9N,70.11203
2024-07-17,B0B31VTH56,8950.741
2024-07-17,B0B31VFJ6Q,305.68964
2024-07-17,B0B69SF1BT,8950.741
2024-07-17,B0B699PLXD,8950.741
2024-07-17,B0B69DD2C7,8950.741
2024-07-17,B0B69DK8JN,8950.741
2024-07-17,B0B69GN5KJ,8950.741
2024-07-17,B09MR4G722,8950.741
2024-07-17,B0BDRTZTGX,8950.741
2024-07-17,B0BG2PD396,1.0428139
2024-07-17,B0BG2T78CJ,8950.741
2024-07-17,B0BG2VYWSG,8950.741
2024-07-17,B0BGDWGRQB,8950.741
2024-07-17,B0BGDX2Z3L,9.451587
2024-07-17,B09MR4Z3H8,70.30117
2024-07-17,B09MR3Y296,2.158905
2024-07-17,B09MR36MLJ,8950.741
2024-07-17,B0BNKZ88Z5,0.9910909
2024-07-17,B0BRCXJRX6,2.863356
2024-07-17,B0BNL4S7GH,8950.741
2024-07-17,B0BNKZ5BR1,8950.741
2024-07-17,B0BRCXDHBX,152.7017
2024-07-17,B0BNKZ9BJR,8950.741
2024-07-17,B0BNKZBJX2,8950.741
2024-07-17,B0BNKZCWFL,8950.741
2024-07-17,B0BNKZF51P,8950.741
2024-07-17,B0BNL11QD8,8950.741
2024-07-17,B0BNL13PNY,8950.741
2024-07-17,B0BNL2VK7L,8950.741
2024-07-17,B0BNL3J36Z,0.9910909
2024-07-17,B0BNL3RDG4,8950.741
2024-07-17,B0BNL3YY1C,8950.741
2024-07-17,B0BNL1WL6R,8950.741
2024-07-17,B0BNL4Y2J9,8950.741
2024-07-17,B0BNL5N28Z,8950.741
2024-07-17,B0BRCXCXCV,40.617607
2024-07-17,B0BNL5BKMK,0.9910909
2024-07-17,B0BRCW2B64,513.78864
2024-07-17,B0BNL7TJRT,8950.741
2024-07-17,B0BNL6H152,8950.741
2024-07-17,B0BRCW79VK,0.9910909
2024-07-17,B0BNL5LCM5,8950.741
2024-07-17,B0BNL5HYLR,8950.741
2024-07-17,B0BNL5CJ8G,8950.741
2024-07-17,B0BNL5JR7V,8950.741
2024-07-17,B0BSLTZV4Z,8950.741
2024-07-17,B0BRCXQMS5,50.63298
2024-07-17,B0BGDZLDX2,8950.741
2024-07-17,B0CY5QQ49F,31.129595
2024-07-17,B0BNKYW36G,8950.741
2024-07-17,B0BRCXP7VN,8950.741
2024-07-17,B0BRCXQRC9,99.932625
2024-07-17,B0BRCXSTKW,8950.741
2024-07-17,B0BRCXXBG2,8950.741
2024-07-17,B0BRCY8QMH,8950.741
2024-07-17,B0BRCYJ33N,13.692332
2024-07-17,B0BNKYZD2Z,0.9910909
2024-07-17,B0BRCYK4JK,40.595814
2024-07-17,B0BRCYQNSW,0.93919706
2024-07-17,B0BRCYV77T,39.161636
2024-07-17,B0BRDCBGFD,8950.741
2024-07-17,B0BRDCJWJC,0.93919706
2024-07-17,B0BRCYJ4SR,8950.741
2024-07-17,B0BSLWJKSX,8950.741
2024-07-17,B0BSLVXHYJ,8950.741
2024-07-17,B0CY5KFQBD,48.322823
2024-07-17,B0CR4C98FS,0.9731644
2024-07-17,B0CR4C5WXS,1.1634128
2024-07-17,B0CR4BK4FW,0.9731644
2024-07-17,B0CR4BGLK5,18.834238
2024-07-17,B0CY5LR4VX,122.405945
2024-07-17,B0CR49NR3B,1.2531092
2024-07-17,B0CR49N6MQ,2.1153302
2024-07-17,B0CR49BQRS,7.4450455
2024-07-17,B0CFV6V981,9.28102
2024-07-17,B0C9JLKFPZ,8.102211
2024-07-17,B0CR4BG4ZW,59.031837
2024-07-18,B09KDW1YKQ,8950.741
2024-07-18,B09KDVXTP4,8950.741
2024-07-18,B09KDTS4DC,8950.741
2024-07-18,B09KDTHJ6V,8950.741
2024-07-18,B09KDR64LT,8950.741
2024-07-18,B09KDNYCYR,8950.741
2024-07-18,B09KDPXYG3,8950.741
2024-07-18,B09KDN7PYR,8950.741
2024-07-18,B09KDLQ2GW,0.93919706
2024-07-18,B0BGDX2Z3L,0.93919706
2024-07-18,B09KDQ2BWY,8950.741
2024-07-18,B09KDXJJ6W,8950.741
2024-07-18,B09MR3XT5G,2.158905
2024-07-18,B09MR3Y296,8950.741
2024-07-18,B09KSXP3HN,57.056305
2024-07-18,B09KT5HMNY,8950.741
2024-07-18,B09KTF8ZDQ,8950.741
2024-07-18,B09KTFXX6L,14.368248
2024-07-18,B09KTJRHC7,9.769296
2024-07-18,B09KTMKDKJ,2.5714498
2024-07-18,B09KTMLQ1N,73.2047
2024-07-18,B09MR2FY5D,20.555235
2024-07-18,B09MR2MLZH,8950.741
2024-07-18,B09MR36MLJ,8950.741
2024-07-18,B09MR3RSW8,8950.741
2024-07-18,B09KDYY3SB,0.9910909
2024-07-18,B09KDZQJ6P,6.495506
2024-07-18,B09MR4B13C,2.158905
2024-07-18,B0B31Y1FDZ,2.158905
2024-07-18,B09MR4G722,8950.741
2024-07-18,B0BGDWGRQB,8950.741
2024-07-18,B0B31T1XMH,8950.741
2024-07-18,B0B31SVP2Q,8950.741
2024-07-18,B0B31SM3ZR,8950.741
2024-07-18,B0B31R1ZBV,8950.741
2024-07-18,B09X1JTK49,8950.741
2024-07-18,B09X1F1L26,0.93919706
2024-07-18,B09X1F8C23,12.938956
2024-07-18,B09MR5WS3Y,8950.741
2024-07-18,B09MR56Q9N,5.879859
2024-07-18,B09MR4Z3H9,8950.741
2024-07-18,B0B31VFJ6Q,4.1112857
2024-07-18,B09MR4Z3H8,12.28407
2024-07-18,B0BG2T78CJ,8950.741
2024-07-18,B0B31VTH56,8950.741
2024-07-18,B0B699PLXD,8950.741
2024-07-18,B0B69B8R3C,8950.741
2024-07-18,B0B69C4GST,8950.741
2024-07-18,B0B69DK8JN,8950.741
2024-07-18,B0B69GN5KJ,8950.741
2024-07-18,B0B69N4B1S,8950.741
2024-07-18,B0B69SF1BT,8950.741
2024-07-18,B0BDRQWBK9,8950.741
2024-07-18,B0BDRS6R5Z,8950.741
2024-07-18,B0BDRTZTGX,8950.741
2024-07-18,B0BG2PD396,8950.741
2024-07-18,B09MR4D874,8950.741
2024-07-18,B09KSYL73R,12.335053
2024-07-18,B09X1HV1NL,12.938956
2024-07-18,B0BGDXM13S,8950.741
2024-07-18,B0BRCXJRX6,0.9910909
2024-07-18,B0BRCXCXCV,1.9056333
2024-07-18,B0BNKY8RQN,8950.741
2024-07-18,B0BNKZ5BR1,8950.741
2024-07-18,B0BNKZ6N9L,8950.741
2024-07-18,B0BNKZ9BJR,8950.741
2024-07-18,B0BNKZBJX2,8950.741
2024-07-18,B0BNKZCWFL,8950.741
2024-07-18,B0BNKZF51P,8950.741
2024-07-18,B0BNKZYHRX,8950.741
2024-07-18,B0BNL11QD8,8950.741
2024-07-18,B0BNL13PNY,8950.741
2024-07-18,B0BNL3RDG4,8950.741
2024-07-18,B0BNL3YY1C,8950.741
2024-07-18,B0BGDZLDX2,8950.741
2024-07-18,B0BNL5JR7V,8950.741
2024-07-18,B0BRCW79VK,0.93919706
2024-07-18,B0BRCW2B64,1.9056333
2024-07-18,B0BNL7TJRT,8950.741
2024-07-18,B0BNL5N28Z,8950.741
2024-07-18,B0BNL6H152,8950.741
2024-07-18,B0BNL5HYLR,8950.741
2024-07-18,B0BNL5CJ8G,8950.741
2024-07-18,B0BNL4Y2J9,8950.741
2024-07-18,B0BNL4S7GH,8950.741
2024-07-18,B0BNL4NX61,8950.741
2024-07-18,B0CY5QQ49F,1.0428139
2024-07-18,B0BNL46Y7W,8950.741
2024-07-18,B0BRCXDHBX,1.9056333
2024-07-18,B0BNL2VK7L,8950.741
2024-07-18,B0BRCXP7VN,8950.741
2024-07-18,B0BSLTZV4Z,8950.741
2024-07-18,B0BRCXQRC9,0.9910909
2024-07-18,B0BRCXSTKW,8950.741
2024-07-18,B0BRCXXBG2,8950.741
2024-07-18,B0BRCY8QMH,8950.741
2024-07-18,B0BRCYJ33N,0.93919706
2024-07-18,B0BRCYJ4SR,8950.741
2024-07-18,B0BRCYK4JK,1.9056333
2024-07-18,B0BRCYQNSW,0.93919706
2024-07-18,B0BRCYV77T,19.880785
2024-07-18,B0BRDCBGFD,8950.741
2024-07-18,B0BRDCJWJC,8950.741
2024-07-18,B0BSLVXHYJ,8950.741
2024-07-18,B0BSLWJKSX,8950.741
2024-07-18,B0BRCXQMS5,16.094347
2024-07-18,B0BGDXV7FD,0.93919706
2024-07-18,B0C9JLKFPZ,0.9910909
2024-07-18,B0CY5LR4VX,1.0428139
2024-07-18,B0CY5KFQBD,1.0428139
2024-07-18,B0CR4C98FS,0.9731644
2024-07-18,B0CR4BK4FW,1.0428139
2024-07-18,B0CR4C5WXS,0.9731644
2024-07-18,B0CR4BG4ZW,2.5748677
2024-07-18,B0CR49NR3B,0.9731644
2024-07-18,B0CR49N6MQ,0.9731644
2024-07-18,B0CR49BQRS,1.2531092
2024-07-18,B0CFV6V981,3.8246903
2024-07-18,B0CR4BGLK5,0.9731644
2024-07-19,B09KDTHJ6V,8950.741
2024-07-19,B09KDW1YKQ,8950.741
2024-07-19,B09KDVXTP4,8950.741
2024-07-19,B09KDTS4DC,8950.741
2024-07-19,B09KDR64LT,8950.741
2024-07-19,B09KDZQJ6P,0.9910909
2024-07-19,B09KDNYCYR,8950.741
2024-07-19,B09KDN7PYR,8950.741
2024-07-19,B09KDLQ2GW,0.93919706
2024-07-19,B0BGDXM13S,8950.741
2024-07-19,B09KDXJJ6W,8950.741
2024-07-19,B09KDPXYG3,8950.741
2024-07-19,B09KDYY3SB,0.9910909
2024-07-19,B09KTJRHC7,9.769296
2024-07-19,B09MR3Y296,8950.741
2024-07-19,B09KSYL73R,24.085384
2024-07-19,B09KT5HMNY,8950.741
2024-07-19,B09KTF8ZDQ,8950.741
2024-07-19,B09KTFXX6L,19.042774
2024-07-19,B09KTMKDKJ,2.5714498
2024-07-19,B09KTMLQ1N,73.2047
2024-07-19,B09MR2FY5D,15.126516
2024-07-19,B09MR2MLZH,8950.741
2024-07-19,B09MR3XT5G,2.158905
2024-07-19,B09MR36MLJ,8950.741
2024-07-19,B09MR3RSW8,8950.741
2024-07-19,B09KSXP3HN,43.46369
2024-07-19,B09MR4B13C,2.158905
2024-07-19,B0B31R1ZBV,8950.741
2024-07-19,B09MR4G722,8950.741
2024-07-19,B09MR4Z3H8,2.8771625
2024-07-19,B0B31SM3ZR,8950.741
2024-07-19,B0B31SVP2Q,8950.741
2024-07-19,B09X1HV1NL,19.974293
2024-07-19,B0B31T1XMH,8950.741
2024-07-19,B09X1JTK49,8950.741
2024-07-19,B09MR5WS3Y,8950.741
2024-07-19,B09X1F8C23,46.548954
2024-07-19,B09X1F1L26,0.93919706
2024-07-19,B09MR56Q9N,10.18303
2024-07-19,B09MR4Z3H9,8950.741
2024-07-19,B0B31VTH56,8950.741
2024-07-19,B0B31VFJ6Q,4.1112857
2024-07-19,B0BDRS6R5Z,8950.741
2024-07-19,B0B31Y1FDZ,2.158905
2024-07-19,B0B699PLXD,8950.741
2024-07-19,B0B69B8R3C,8950.741
2024-07-19,B0B69C4GST,8950.741
2024-07-19,B0B69DK8JN,8950.741
2024-07-19,B0B69GN5KJ,8950.741
2024-07-19,B0B69N4B1S,8950.741
2024-07-19,B0B69SF1BT,8950.741
2024-07-19,B0BDRQWBK9,0.9910909
2024-07-19,B0BDRTZTGX,8950.741
2024-07-19,B0BG2T78CJ,8950.741
2024-07-19,B0BGDWGRQB,8950.741
2024-07-19,B09MR4D874,8950.741
2024-07-19,B09KDQ2BWY,8950.741
2024-07-19,B0BGDX2Z3L,0.93919706
2024-07-19,B0BRCXQRC9,0.9910909
2024-07-19,B0BGDXV7FD,0.93919706
2024-07-19,B0BNKY8RQN,8950.741
2024-07-19,B0BNKZ5BR1,8950.741
2024-07-19,B0BGDZLDX2,8950.741
2024-07-19,B0BNKZ6N9L,8950.741
2024-07-19,B0BNKZ9BJR,8950.741
2024-07-19,B0BNKZBJX2,8950.741
2024-07-19,B0BNKZCWFL,8950.741
2024-07-19,B0BNKZYHRX,8950.741
2024-07-19,B0BNL11QD8,8950.741
2024-07-19,B0BNL13PNY,8950.741
2024-07-19,B0BNL2VK7L,8950.741
2024-07-19,B0BNL3RDG4,8950.741
2024-07-19,B0BNL3YY1C,8950.741
2024-07-19,B0BNKZF51P,8950.741
2024-07-19,B0BNL5N28Z,8950.741
2024-07-19,B0BNL4NX61,8950.741
2024-07-19,B0BRCW79VK,0.93919706
2024-07-19,B0BRCW2B64,1.9056333
2024-07-19,B0BNL7TJRT,8950.741
2024-07-19,B0BNL6H152,8950.741
2024-07-19,B0BRCXCXCV,7.002179
2024-07-19,B0BNL5CJ8G,8950.741
2024-07-19,B0BNL4Y2J9,8950.741
2024-07-19,B0BNL4S7GH,8950.741
2024-07-19,B0BNL5HYLR,8950.741
2024-07-19,B0BG2PD396,8950.741
2024-07-19,B0BNL46Y7W,8950.741
2024-07-19,B0BRCXDHBX,40.978195
2024-07-19,B0BNL5JR7V,8950.741
2024-07-19,B0BRCXP7VN,8950.741
2024-07-19,B0CY5QQ49F,0.9731644
2024-07-19,B0BRCXJRX6,0.9910909
2024-07-19,B0BRCXQMS5,20.564787
2024-07-19,B0BRCXSTKW,8950.741
2024-07-19,B0BRCY8QMH,8950.741
2024-07-19,B0BRCYJ33N,0.93919706
2024-07-19,B0BRCYJ4SR,8950.741
2024-07-19,B0BRCYK4JK,2.1071317
2024-07-19,B0BRCYQNSW,0.93919706
2024-07-19,B0BRCYV77T,19.358225
2024-07-19,B0BRDCBGFD,8950.741
2024-07-19,B0BRDCJWJC,8950.741
2024-07-19,B0BSLTZV4Z,8950.741
2024-07-19,B0BRCXXBG2,8950.741
2024-07-19,B0BSLWJKSX,8950.741
2024-07-19,B0BSLVXHYJ,8950.741
2024-07-19,B0CY5KFQBD,1.0428139
2024-07-19,B0CR4C98FS,0.9731644
2024-07-19,B0CR4BK4FW,1.0428139
2024-07-19,B0CR4BGLK5,0.9731644
2024-07-19,B0CR4C5WXS,0.9731644
2024-07-19,B0CR49NR3B,0.9731644
2024-07-19,B0C9JLKFPZ,0.9910909
2024-07-19,B0CR4BG4ZW,2.1153302
2024-07-19,B0CFV6V981,6.106139
2024-07-19,B0CR49BQRS,2.1153302
2024-07-19,B0CY5LR4VX,1.1634128
2024-07-19,B0CR49N6MQ,2.1153302
2024-07-20,B09KDLQ2GW,0.93919706
2024-07-20,B09KDN7PYR,8950.741
2024-07-20,B09KDPXYG3,8950.741
2024-07-20,B09KDQ2BWY,8950.741
2024-07-20,B0BGDWGRQB,8950.741
2024-07-20,B09KDR64LT,8950.741
2024-07-20,B09KDTHJ6V,8950.741
2024-07-20,B09KDVXTP4,8950.741
2024-07-20,B09KDW1YKQ,8950.741
2024-07-20,B09KDNYCYR,8950.741
2024-07-20,B09KTFXX6L,1.8095596
2024-07-20,B09MR3XT5G,2.158905
2024-07-20,B09KDZQJ6P,0.9910909
2024-07-20,B09KSYL73R,21.99798
2024-07-20,B09KTF8ZDQ,8950.741
2024-07-20,B09KTJRHC7,9.769296
2024-07-20,B09KTMKDKJ,2.5714498
2024-07-20,B09KTMLQ1N,73.2047
2024-07-20,B09MR2FY5D,39.914276
2024-07-20,B09KDXJJ6W,8950.741
2024-07-20,B09MR2MLZH,8950.741
2024-07-20,B09KDYY3SB,1.0884088
2024-07-20,B09MR3Y296,8950.741
2024-07-20,B09MR4G722,8950.741
2024-07-20,B09MR4D874,8950.741
2024-07-20,B09MR36MLJ,8950.741
2024-07-20,B09X1JTK49,8950.741
2024-07-20,B09MR4Z3H8,6.7962794
2024-07-20,B09MR4Z3H9,8950.741
2024-07-20,B09MR56Q9N,33.877895
2024-07-20,B09MR5Q6HJ,8950.741
2024-07-20,B09MR5WS3Y,8950.741
2024-07-20,B09X1F1L26,0.93919706
2024-07-20,B09X1F8C23,69.36684
2024-07-20,B09X1HV1NL,24.47735
2024-07-20,B09KSXP3HN,55.679432
2024-07-20,B0BDRQWBK9,8950.741
2024-07-20,B0B31SVP2Q,8950.741
2024-07-20,B0B31T1XMH,8950.741
2024-07-20,B0B31V3PKG,8950.741
2024-07-20,B0B31VFJ6Q,3.450562
2024-07-20,B0B31Y1FDZ,2.158905
2024-07-20,B0B699PLXD,8950.741
2024-07-20,B0B69B8R3C,8950.741
2024-07-20,B0B69C4GST,8950.741
2024-07-20,B0B69DK8JN,8950.741
2024-07-20,B09MR4B13C,2.158905
2024-07-20,B0B31R1ZBV,8950.741
2024-07-20,B0BG2PD396,8950.741
2024-07-20,B0BRCYJ33N,0.93919706
2024-07-20,B0BGDX2Z3L,0.93919706
2024-07-20,B0BNL4S6MB,8950.741
2024-07-20,B0BGDXV7FD,0.93919706
2024-07-20,B0BRCXQMS5,16.21942
2024-07-20,B0BGDZLDX2,8950.741
2024-07-20,B0BNKY8RQN,8950.741
2024-07-20,B0BNKZ5BR1,8950.741
2024-07-20,B0BNKZ88Z5,0.93919706
2024-07-20,B0BNKZBJX2,8950.741
2024-07-20,B0BNL13PNY,8950.741
2024-07-20,B0BNL3RDG4,8950.741
2024-07-20,B0BRCXQRC9,0.9910909
2024-07-20,B0BNKZ9BJR,8950.741
2024-07-20,B0BNL4Y2J9,8950.741
2024-07-20,B0BNL5CJ8G,8950.741
2024-07-20,B0BNL5HYLR,8950.741
2024-07-20,B0BNL6H152,8950.741
2024-07-20,B0BRCXP7VN,8950.741
2024-07-20,B0BRCW2B64,1.24491
2024-07-20,B0BRCW79VK,0.93919706
2024-07-20,B0BRCXDHBX,41.381905
2024-07-20,B0BRCXJRX6,2.8722076
2024-07-20,B0B69G3YRM,8950.741
2024-07-20,B0BRCXCXCV,1.9056333
2024-07-20,B0CR49N6MQ,1.2531092
2024-07-20,B0BNL2VK7L,8950.741
2024-07-20,B0BGDXM13S,8950.741
2024-07-20,B0BRCY8QMH,8950.741
2024-07-20,B0BRCYJ4SR,8950.741
2024-07-20,B0BRCYK4JK,1.1775343
2024-07-20,B0BRCYQNSW,0.93919706
2024-07-20,B0BRCYV77T,3.048221
2024-07-20,B0BRDCBGFD,8950.741
2024-07-20,B0BRDCJWJC,8950.741
2024-07-20,B0BSLVXHYJ,8950.741
2024-07-20,B0BSLWJKSX,8950.741
2024-07-20,B0C9JLKFPZ,0.93919706
2024-07-20,B0CR49BQRS,0.9731644
2024-07-20,B0CFV6V981,5.4598145
2024-07-20,B0CY5QQ49F,1.2531092
2024-07-20,B0CR49NR3B,0.9731644
2024-07-20,B0CR4BG4ZW,6.106139
2024-07-20,B0CR4BGLK5,0.9731644
2024-07-20,B0CR4BK4FW,0.9731644
2024-07-20,B0CR4C5WXS,0.9731644
2024-07-20,B0CR4C98FS,0.9731644
2024-07-20,B0CY5KFQBD,1.0428139
2024-07-20,B0CY5LR4VX,1.0428139
2024-07-20,B0BRCXXBG2,8950.741
2024-07-21,B09KDTHJ6V,8950.741
2024-07-21,B09KDR64LT,8950.741
2024-07-21,B09KDQ2BWY,8950.741
2024-07-21,B09KDPXYG3,8950.741
2024-07-21,B09MR3XT5G,2.158905
2024-07-21,B09KDN7PYR,8950.741
2024-07-21,B0BDRQWBK9,8950.741
2024-07-21,B09KDTS4DC,8950.741
2024-07-21,B09MR3RSW8,8950.741
2024-07-21,B09KDNYCYR,8950.741
2024-07-21,B09KDVXTP4,8950.741
2024-07-21,B09KT5HMNY,8950.741
2024-07-21,B09KDXJJ6W,8950.741
2024-07-21,B09KDYY3SB,3.1405606
2024-07-21,B09KDZQJ6P,15.352348
2024-07-21,B09KSXP3HN,36.746315
2024-07-21,B09KTF8ZDQ,8950.741
2024-07-21,B09KTFXX6L,14.617208
2024-07-21,B09KTJRHC7,9.769296
2024-07-21,B09KTMKDKJ,2.5714498
2024-07-21,B09KTMLQ1N,73.2047
2024-07-21,B09MR2FY5D,20.555235
2024-07-21,B09KDW1YKQ,8950.741
2024-07-21,B09KSYL73R,22.530018
2024-07-21,B09MR5Q6HJ,8950.741
2024-07-21,B09MR3Y296,8950.741
2024-07-21,B09MR2MLZH,8950.741
2024-07-21,B09X1F8C23,89.12748
2024-07-21,B09X1F1L26,0.93919706
2024-07-21,B09MR5WS3Y,8950.741
2024-07-21,B09MR4D874,8950.741
2024-07-21,B09MR56Q9N,17.44333
2024-07-21,B09MR4Z3H9,8950.741
2024-07-21,B09MR4Z3H8,10.260075
2024-07-21,B09MR4G722,8950.741
2024-07-21,B09X1JTK49,8950.741
2024-07-21,B09X1HV1NL,19.713224
2024-07-21,B0B69G3YRM,8950.741
2024-07-21,B0B31R1ZBV,8950.741
2024-07-21,B0B31SM3ZR,8950.741
2024-07-21,B0B31SVP2Q,8950.741
2024-07-21,B0B31T1XMH,8950.741
2024-07-21,B0B31V3PKG,8950.741
2024-07-21,B0B31VFJ6Q,32.66173
2024-07-21,B0B31Y1FDZ,2.158905
2024-07-21,B0B699PLXD,8950.741
2024-07-21,B0B69C4GST,8950.741
2024-07-21,B09KDLQ2GW,8950.741
2024-07-21,B0B69DK8JN,8950.741
2024-07-21,B09MR4B13C,2.158905
2024-07-21,B09MR36MLJ,8950.741
2024-07-21,B0BRCY8QMH,8950.741
2024-07-21,B0B69DD2C7,8950.741
2024-07-21,B0BRCXQMS5,18.50508
2024-07-21,B0BNKZCWFL,8950.741
2024-07-21,B0BG2T78CJ,8950.741
2024-07-21,B0BG2Z8CY4,8950.741
2024-07-21,B0BGDWGRQB,8950.741
2024-07-21,B0BGDX2Z3L,0.93919706
2024-07-21,B0BGDXM13S,8950.741
2024-07-21,B0BGDXV7FD,0.93919706
2024-07-21,B0BNKYPVM6,8950.741
2024-07-21,B0BNKZ5BR1,8950.741
2024-07-21,B0BNKZBJX2,8950.741
2024-07-21,B0BGDZLDX2,8950.741
2024-07-21,B0BNKZKGFG,8950.741
2024-07-21,B0BRCW79VK,0.93919706
2024-07-21,B0BRCXJRX6,2.7383816
2024-07-21,B0BNL13PNY,8950.741
2024-07-21,B0BRCXDHBX,41.381905
2024-07-21,B0BRCXCXCV,7.002179
2024-07-21,B0BRCXP7VN,8950.741
2024-07-21,B0BRCW2B64,1.9056333
2024-07-21,B0BNL4S7GH,8950.741
2024-07-21,B0BNL4S6MB,8950.741
2024-07-21,B0B69SF1BT,8950.741
2024-07-21,B0CY5QQ49F,1.2531092
2024-07-21,B0BRCXXBG2,8950.741
2024-07-21,B0BNKYZD2Z,0.93919706
2024-07-21,B0CY5LR4VX,1.0428139
2024-07-21,B0BG2PD396,8950.741
2024-07-21,B0BRCXQRC9,0.9910909
2024-07-21,B0BNL3RDG4,8950.741
2024-07-21,B0BRCYJ33N,0.93919706
2024-07-21,B0BRCYK4JK,12.365105
2024-07-21,B0BRCYQNSW,0.93919706
2024-07-21,B0BRCYV77T,15.999725
2024-07-21,B0BRDCBGFD,8950.741
2024-07-21,B0BRDCJWJC,8950.741
2024-07-21,B0BSLVXHYJ,8950.741
2024-07-21,B0BSLWJKSX,8950.741
2024-07-21,B0C9JLKFPZ,0.93919706
2024-07-21,B0BDRTZTGX,8950.741
2024-07-21,B0CQVLFPBQ,8950.741
2024-07-21,B0CFV6V981,-0.5658755
2024-07-21,B0CR4C98FS,0.9731644
2024-07-21,B0CR4C5WXS,0.9731644
2024-07-21,B0CR4BK4FW,1.0428139
2024-07-21,B0CR4BGLK5,0.9731644
2024-07-21,B0CY5KFQBD,8950.741
2024-07-21,B0CR49NR3B,0.9731644
2024-07-21,B0CR49N6MQ,1.1689185
2024-07-21,B0CR49BQRS,0.9731644
2024-07-21,B0CR4BG4ZW,26.53075
2024-07-22,B09KDVXTP4,8950.741
2024-07-22,B09KDLQ2GW,0.93919706
2024-07-22,B0B69SF1BT,8950.741
2024-07-22,B09KDNYCYR,8950.741
2024-07-22,B09KDPXYG3,8950.741
2024-07-22,B09KDQ2BWY,8950.741
2024-07-22,B09KDR64LT,8950.741
2024-07-22,B09KDXJJ6W,8950.741
2024-07-22,B09KDTHJ6V,8950.741
2024-07-22,B09KDTS4DC,8950.741
2024-07-22,B09KDW1YKQ,8950.741
2024-07-22,B09KSYL73R,17.924486
2024-07-22,B09MR2MLZH,8950.741
2024-07-22,B09KDZQJ6P,0.9910909
2024-07-22,B09KSXP3HN,32.2881
2024-07-22,B09KT5HMNY,8950.741
2024-07-22,B09KTF8ZDQ,8950.741
2024-07-22,B09KTFXX6L,42.221455
2024-07-22,B09KTJRHC7,9.769296
2024-07-22,B09KTMKDKJ,2.5714498
2024-07-22,B09KTMLQ1N,73.2047
2024-07-22,B09MR36MLJ,8950.741
2024-07-22,B09KDYY3SB,6.495506
2024-07-22,B09KDN7PYR,8950.741
2024-07-22,B09MR4Z3H9,8950.741
2024-07-22,B09MR3RSW8,8950.741
2024-07-22,B09MR2FY5D,39.914276
2024-07-22,B09X1F1L26,0.93919706
2024-07-22,B09MR5WS3Y,8950.741
2024-07-22,B09MR5Q6HJ,8950.741
2024-07-22,B09MR56Q9N,13.985673
2024-07-22,B09MR3Y296,8950.741
2024-07-22,B09MR4Z3H8,7.166057
2024-07-22,B09MR4G722,8950.741
2024-07-22,B09MR4D874,8950.741
2024-07-22,B09MR4B13C,2.158905
2024-07-22,B09X1HV1NL,-2.5075264
2024-07-22,B09X1F8C23,42.301796
2024-07-22,B0B69DD2C7,8950.741
2024-07-22,B09X1JTK49,8950.741
2024-07-22,B0B31R1ZBV,8950.741
2024-07-22,B0B31SM3ZR,8950.741
2024-07-22,B0B31SVP2Q,8950.741
2024-07-22,B0B31T1XMH,8950.741
2024-07-22,B0B31V3PKG,8950.741
2024-07-22,B0B31VFJ6Q,14.586643
2024-07-22,B0B31Y1FDZ,2.158905
2024-07-22,B0B699PLXD,8950.741
2024-07-22,B0B69C4GST,8950.741
2024-07-22,B09MR3XT5G,2.158905
2024-07-22,B0B69G3YRM,8950.741
2024-07-22,B0BRCXQRC9,0.9910909
2024-07-22,B0BDRQWBK9,8950.741
2024-07-22,B0BRCXP7VN,8950.741
2024-07-22,B0BG2PD396,8950.741
2024-07-22,B0BG2T78CJ,8950.741
2024-07-22,B0BG2Z8CY4,8950.741
2024-07-22,B0BGDWGRQB,8950.741
2024-07-22,B0BGDX2Z3L,0.93919706
2024-07-22,B0BGDXM13S,8950.741
2024-07-22,B0BGDZLDX2,8950.741
2024-07-22,B0BNKYPVM6,8950.741
2024-07-22,B0BNKZ5BR1,8950.741
2024-07-22,B0BNKZBJX2,8950.741
2024-07-22,B0BGDXV7FD,0.93919706
2024-07-22,B0BNL13PNY,8950.741
2024-07-22,B0BNL3RDG4,8950.741
2024-07-22,B0BRCXJRX6,1.1720283
2024-07-22,B0BNL4S6MB,8950.741
2024-07-22,B0BNL4S7GH,8950.741
2024-07-22,B0BRCW2B64,1.24491
2024-07-22,B0BRCW79VK,0.93919706
2024-07-22,B0BRCXCXCV,1.24491
2024-07-22,B0B69DK8JN,8950.741
2024-07-22,B0BNKZKGFG,8950.741
2024-07-22,B0BNKZCWFL,8950.741
2024-07-22,B0BRCXQMS5,14.544303
2024-07-22,B0BRCXDHBX,43.547222
2024-07-22,B0BRCXXBG2,8950.741
2024-07-22,B0CY5QQ49F,1.2531092
2024-07-22,B0BRCYJ33N,0.93919706
2024-07-22,B0BRCYK4JK,2.1071317
2024-07-22,B0BRCYQNSW,0.93919706
2024-07-22,B0BRCYV77T,16.149466
2024-07-22,B0BRDCBGFD,8950.741
2024-07-22,B0BRDCJWJC,8950.741
2024-07-22,B0BSLVXHYJ,8950.741
2024-07-22,B0BSLWJKSX,8950.741
2024-07-22,B0C9JLKFPZ,0.93919706
2024-07-22,B0CFV6V981,-1.2122003
2024-07-22,B0BRCY8QMH,8950.741
2024-07-22,B0CR49BQRS,0.9731644
2024-07-22,B0CQVLFPBQ,8950.741
2024-07-22,B0CY5LR4VX,1.0428139
2024-07-22,B0CY5KFQBD,8950.741
2024-07-22,B0CR4C98FS,1.1634128
2024-07-22,B0CR4C5WXS,0.9731644
2024-07-22,B0BDRTZTGX,8950.741
2024-07-22,B0CR4BGLK5,0.9731644
2024-07-22,B0CR4BG4ZW,3.7339735
2024-07-22,B0CR49NR3B,0.9731644
2024-07-22,B0CR49N6MQ,0.9731644
2024-07-22,B0CR4BK4FW,0.9731644
2024-07-23,B09KDVXTP4,8950.741
2024-07-23,B09KDN7PYR,8950.741
2024-07-23,B09KDNYCYR,8950.741
2024-07-23,B09KDPXYG3,8950.741
2024-07-23,B09KDQ2BWY,8950.741
2024-07-23,B09KDR64LT,8950.741
2024-07-23,B09KDTHJ6V,8950.741
2024-07-23,B09KDTS4DC,8950.741
2024-07-23,B0B69DK8JN,8950.741
2024-07-23,B09KSYL73R,17.924486
2024-07-23,B09KDXJJ6W,8950.741
2024-07-23,B09KDYY3SB,0.9910909
2024-07-23,B09KDZQJ6P,0.9910909
2024-07-23,B09KSXP3HN,42.639393
2024-07-23,B09KTMLQ1N,73.2047
2024-07-23,B09KTF8ZDQ,8950.741
2024-07-23,B09KTFXX6L,20.96237
2024-07-23,B09KTJRHC7,9.769296
2024-07-23,B09KTMKDKJ,2.5714498
2024-07-23,B09MR2FY5D,25.918262
2024-07-23,B09KDW1YKQ,8950.741
2024-07-23,B09MR2MLZH,8950.741
2024-07-23,B0B699PLXD,8950.741
2024-07-23,B09MR3RSW8,8950.741
2024-07-23,B09X1F8C23,47.95037
2024-07-23,B09MR3XT5G,2.158905
2024-07-23,B09MR3Y296,8950.741
2024-07-23,B09MR4B13C,2.158905
2024-07-23,B09MR4D874,8950.741
2024-07-23,B09MR4Z3H8,12.367689
2024-07-23,B09MR4Z3H9,8950.741
2024-07-23,B09MR56Q9N,29.044905
2024-07-23,B09MR5Q6HJ,8950.741
2024-07-23,B09MR5WS3Y,8950.741
2024-07-23,B09X1F1L26,0.93919706
2024-07-23,B09X1HV1NL,28.641548
2024-07-23,B09X1JTK49,8950.741
2024-07-23,B0B31R1ZBV,8950.741
2024-07-23,B0B31SVP2Q,8950.741
2024-07-23,B0B31T1XMH,8950.741
2024-07-23,B0B31V3PKG,8950.741
2024-07-23,B0B31VFJ6Q,10.471978
2024-07-23,B0B31VTH56,8950.741
2024-07-23,B0B31Y1FDZ,2.158905
2024-07-23,B09MR36MLJ,8950.741
2024-07-23,B09KDLQ2GW,0.93919706
2024-07-23,B0B69C4GST,8950.741
2024-07-23,B09KT5HMNY,8950.741
2024-07-23,B0B69SF1BT,8950.741
2024-07-23,B0BNL4CB4X,8950.741
2024-07-23,B0BRCXQMS5,16.260794
2024-07-23,B0BGDWGRQB,8950.741
2024-07-23,B0BGDX2Z3L,8950.741
2024-07-23,B0BGDXV7FD,0.93919706
2024-07-23,B0BNKYPVM6,8950.741
2024-07-23,B0BDRQWBK9,8950.741
2024-07-23,B0BNKZBJX2,8950.741
2024-07-23,B0BNKZKGFG,8950.741
2024-07-23,B0BNL13PNY,8950.741
2024-07-23,B0BNL2VK7L,8950.741
2024-07-23,B0BNKZ9BJR,8950.741
2024-07-23,B0BRCXP7VN,8950.741
2024-07-23,B0BNL5BKMK,0.93919706
2024-07-23,B0BNL5HYLR,8950.741
2024-07-23,B0BRCW2B64,1.9056333
2024-07-23,B0BRCW79VK,0.93919706
2024-07-23,B0BRCXCXCV,0.9910909
2024-07-23,B0BRCXDHBX,19.163715
2024-07-23,B0BRCXJRX6,1.1720283
2024-07-23,B0BNKZ5BR1,8950.741
2024-07-23,B0BRCXQRC9,0.9910909
2024-07-23,B0CFV6V981,-0.5658755
2024-07-23,B0BNL4HPH9,8950.741
2024-07-23,B0CY5QQ49F,6.128291
2024-07-23,B0BRCY8QMH,8950.741
2024-07-23,B0BRCYJ33N,0.93919706
2024-07-23,B0BRCYJ4SR,8950.741
2024-07-23,B0BRCYK4JK,0.9910909
2024-07-23,B0BRCYQNSW,0.93919706
2024-07-23,B0BRCYV77T,21.641397
2024-07-23,B0BRDCBGFD,8950.741
2024-07-23,B0BRDCJWJC,8950.741
2024-07-23,B0BSLTZV4Z,8950.741
2024-07-23,B0BSLVXHYJ,8950.741
2024-07-23,B0BRCXXBG2,8950.741
2024-07-23,B0CR49BQRS,0.9731644
2024-07-23,B0CR49N6MQ,1.1689185
2024-07-23,B0CR49NR3B,0.9731644
2024-07-23,B0CR4BG4ZW,26.100464
2024-07-23,B0CR4BGLK5,0.9731644
2024-07-23,B0CR4BK4FW,0.9731644
2024-07-23,B0CR4C5WXS,0.9731644
2024-07-23,B0CR4C98FS,1.2531092
2024-07-23,B0CY5KFQBD,1.1802275
2024-07-23,B0CY5LR4VX,1.0428139
2024-07-23,B0C9JLKFPZ,0.93919706
2024-07-24,B09KDTHJ6V,8950.741
2024-07-24,B09KDR64LT,8950.741
2024-07-24,B09KDQ2BWY,8950.741
2024-07-24,B09KDXJJ6W,8950.741
2024-07-24,B09KDNYCYR,8950.741
2024-07-24,B0BGDWGRQB,8950.741
2024-07-24,B09KDLQ2GW,0.93919706
2024-07-24,B09KDPXYG3,0.93919706
2024-07-24,B09KDTS4DC,0.93919706
2024-07-24,B09KSYL73R,29.044283
2024-07-24,B09KDYY3SB,8.19978
2024-07-24,B09MR2MLZH,8950.741
2024-07-24,B09KDZQJ6P,0.9910909
2024-07-24,B09KT5HMNY,8950.741
2024-07-24,B09KTF8ZDQ,8950.741
2024-07-24,B09KTFXX6L,43.751366
2024-07-24,B09KTJRHC7,8950.741
2024-07-24,B09KTMKDKJ,8950.741
2024-07-24,B09MR3RSW8,8950.741
2024-07-24,B09KTMLQ1N,83.10208
2024-07-24,B09KDVXTP4,8950.741
2024-07-24,B09KSXP3HN,68.273735
2024-07-24,B09X1JTK49,8950.741
2024-07-24,B0BDRS6R5Z,8950.741
2024-07-24,B09MR2FY5D,17.705742
2024-07-24,B09MR5WS3Y,8950.741
2024-07-24,B09X1F1L26,8950.741
2024-07-24,B09X1DHRLN,8950.741
2024-07-24,B09MR4G722,8950.741
2024-07-24,B09MR56Q9N,7.9137025
2024-07-24,B09MR4Z3H9,8950.741
2024-07-24,B09MR4Z3H8,13.7045355
2024-07-24,B09X1HV1NL,24.101967
2024-07-24,B09MR3Y296,8950.741
2024-07-24,B09MR4B13C,2.158905
2024-07-24,B0B31T1XMH,8950.741
2024-07-24,B0B31R1ZBV,8950.741
2024-07-24,B0B31SVP2Q,8950.741
2024-07-24,B0B31VFJ6Q,61.78047
2024-07-24,B0B31Y1FDZ,2.158905
2024-07-24,B0B69DK8JN,8950.741
2024-07-24,B0B69GN5KJ,8950.741
2024-07-24,B0BDRQWBK9,8950.741
2024-07-24,B09MR3XT5G,2.158905
2024-07-24,B09X1F8C23,69.36684
2024-07-24,B09KDN7PYR,8950.741
2024-07-24,B0BGDX2Z3L,0.93919706
2024-07-24,B0BRCXCXCV,41.222015
2024-07-24,B0BNL64PBG,8950.741
2024-07-24,B0BGDXV7FD,0.93919706
2024-07-24,B0BRCY8QMH,8950.741
2024-07-24,B0BGDZLDX2,8950.741
2024-07-24,B0BNKYW36G,8950.741
2024-07-24,B0BNKZ5BR1,8950.741
2024-07-24,B0BNKZBJX2,8950.741
2024-07-24,B0BNL117VT,8950.741
2024-07-24,B0BNL4HPH9,8950.741
2024-07-24,B0BRCYJ33N,0.93919706
2024-07-24,B0BNL5HYLR,8950.741
2024-07-24,B0BRCW2B64,20.219694
2024-07-24,B0BRCXJRX6,0.9910909
2024-07-24,B0BRCXQRC9,3.055501
2024-07-24,B0BRCXQMS5,23.251028
2024-07-24,B0BRCXP7VN,8950.741
2024-07-24,B0BRCXXBG2,8950.741
2024-07-24,B0BRCXDHBX,40.52876
2024-07-24,B0BG2PD396,8950.741
2024-07-24,B0BRCW79VK,0.93919706
2024-07-24,B0BNL11QD8,8950.741
2024-07-24,B0CQVLFPBQ,8950.741
2024-07-24,B0BNL13PNY,8950.741
2024-07-24,B0BGDXM13S,8950.741
2024-07-24,B0CR49N6MQ,0.9731644
2024-07-24,B0BRCYK4JK,2.863356
2024-07-24,B0BRCYQNSW,0.93919706
2024-07-24,B0BRCYV77T,16.21942
2024-07-24,B0BRDCBGFD,8950.741
2024-07-24,B0BRDCJWJC,8950.741
2024-07-24,B0BSLTZV4Z,8950.741
2024-07-24,B0C9JLKFPZ,0.9910909
2024-07-24,B0CFV6V981,-3.5798469
2024-07-24,B0CR49BQRS,1.2531092
2024-07-24,B0BSLVXHYJ,8950.741
2024-07-24,B0BRCYJ4SR,8950.741
2024-07-24,B0CY5QQ49F,3.4931498
2024-07-24,B0CR49NR3B,0.9731644
2024-07-24,B0CY5KFQBD,3.545044
2024-07-24,B0CR4C98FS,1.079793
2024-07-24,B0CR4C5WXS,0.9731644
2024-07-24,B0CY5LR4VX,0.9731644
2024-07-24,B0CR4BGLK5,0.9731644
2024-07-24,B0CR4BG4ZW,27.177074
2024-07-24,B0CR4BK4FW,0.9731644
2024-07-25,B09KDR64LT,8950.741
2024-07-25,B09KDVXTP4,8950.741
2024-07-25,B0BDRQWBK9,8950.741
2024-07-25,B09KDLQ2GW,0.93919706
2024-07-25,B09KDN7PYR,8950.741
2024-07-25,B09KDNYCYR,8950.741
2024-07-25,B09KDPXYG3,0.93919706
2024-07-25,B09KDQ2BWY,8950.741
2024-07-25,B09KDTHJ6V,8950.741
2024-07-25,B09KTFXX6L,25.068958
2024-07-25,B09KDW1YKQ,8950.741
2024-07-25,B09KTMLQ1N,81.623535
2024-07-25,B09KDXJJ6W,8950.741
2024-07-25,B09KDZQJ6P,3.055501
2024-07-25,B09KSXP3HN,104.17098
2024-07-25,B09KSYL73R,22.530018
2024-07-25,B09KT5HMNY,8950.741
2024-07-25,B09KTF8ZDQ,8950.741
2024-07-25,B09MR2FY5D,2.6233432
2024-07-25,B09KDTS4DC,8950.741
2024-07-25,B09KDYY3SB,0.9910909
2024-07-25,B09KTJRHC7,8950.741
2024-07-25,B0B31Y1FDZ,8950.741
2024-07-25,B09MR4Z3H9,8950.741
2024-07-25,B09MR5WS3Y,8950.741
2024-07-25,B09MR56Q9N,8.386015
2024-07-25,B09MR3Y296,8950.741
2024-07-25,B09MR4Z3H8,4.7332463
2024-07-25,B09MR4D874,8950.741
2024-07-25,B09MR4B13C,2.158905
2024-07-25,B09X1F1L26,0.93919706
2024-07-25,B09MR3XT5G,2.158905
2024-07-25,B09X1DHRLN,8950.741
2024-07-25,B09X1JTK49,8950.741
2024-07-25,B09X1F8C23,89.12748
2024-07-25,B09X1FWK8Z,8950.741
2024-07-25,B09X1HV1NL,23.624205
2024-07-25,B0B31R1ZBV,8950.741
2024-07-25,B0B31SM3ZR,8950.741
2024-07-25,B0B31T1XMH,8950.741
2024-07-25,B0B31VFJ6Q,51.724148
2024-07-25,B09MR2MLZH,8950.741
2024-07-25,B09MR3RSW8,8950.741
2024-07-25,B09KTMKDKJ,8950.741
2024-07-25,B0B31VTH56,8950.741
2024-07-25,B0BRCYK4JK,12.13845
2024-07-25,B0BNL13PNY,8950.741
2024-07-25,B0BRCXQMS5,29.745138
2024-07-25,B0BGDWGRQB,8950.741
2024-07-25,B0BGDX2Z3L,0.93919706
2024-07-25,B0BGDXM13S,8950.741
2024-07-25,B0BGDXV7FD,8950.741
2024-07-25,B0BNKYW36G,8950.741
2024-07-25,B0BNKZ5BR1,8950.741
2024-07-25,B0BNL11QD8,8950.741
2024-07-25,B0BRCXQRC9,3.055501
2024-07-25,B0BG2Z8CY4,8950.741
2024-07-25,B0BNL64PBG,8950.741
2024-07-25,B0BRCW2B64,67.05565
2024-07-25,B0BRCW79VK,0.93919706
2024-07-25,B0BRCXCXCV,5.5061054
2024-07-25,B0BRCXDHBX,41.769707
2024-07-25,B0BRCXJRX6,3.9086456
2024-07-25,B0BRCXP7VN,8950.741
2024-07-25,B0BNL5BKMK,0.93919706
2024-07-25,B0B69DD2C7,8950.741
2024-07-25,B0BNL4HPH9,8950.741
2024-07-25,B0BG2PD396,8950.741
2024-07-25,B0BNL117VT,8950.741
2024-07-25,B0CY5QQ49F,2.1153302
2024-07-25,B0BDRS6R5Z,8950.741
2024-07-25,B0BRCY8QMH,8950.741
2024-07-25,B0BRCXXBG2,8950.741
2024-07-25,B0BRCYJ33N,0.93919706
2024-07-25,B0BRCYQNSW,0.93919706
2024-07-25,B0BRCYV77T,15.335817
2024-07-25,B0BRDCBGFD,8950.741
2024-07-25,B0C9JLKFPZ,0.93919706
2024-07-25,B0CFV6V981,1.0428139
2024-07-25,B0CQVLFPBQ,8950.741
2024-07-25,B0BRDCJWJC,8950.741
2024-07-25,B0CR49N6MQ,3.6112857
2024-07-25,B0CY5LR4VX,1.2531092
2024-07-25,B0CR49BQRS,1.079793
2024-07-25,B0CR4C98FS,1.1634128
2024-07-25,B0CR4C5WXS,0.9731644
2024-07-25,B0CR4BK4FW,0.9731644
2024-07-25,B0CY5KFQBD,2.5748677
2024-07-25,B0CR4BG4ZW,3.545044
2024-07-25,B0CR49NR3B,0.9731644
2024-07-25,B0CR4BGLK5,0.9731644
2024-07-26,B09KDTS4DC,8950.741
2024-07-26,B09KDXJJ6W,8950.741
2024-07-26,B09KDLQ2GW,0.93919706
2024-07-26,B09KDNYCYR,8950.741
2024-07-26,B09KDPXYG3,0.9910909
2024-07-26,B09KDQ2BWY,8950.741
2024-07-26,B09KDR64LT,8950.741
2024-07-26,B09KDTHJ6V,8950.741
2024-07-26,B09KDVXTP4,8950.741
2024-07-26,B09KTMKDKJ,2.5714498
2024-07-26,B0B69FBGN1,8950.741
2024-07-26,B09MR2FY5D,2.6233432
2024-07-26,B09KDZQJ6P,-7.65952
2024-07-26,B09KSXP3HN,55.26252
2024-07-26,B09KSYL73R,28.164467
2024-07-26,B09KT5HMNY,8950.741
2024-07-26,B09KTF8ZDQ,8950.741
2024-07-26,B09KTFXX6L,39.488853
2024-07-26,B09KTJRHC7,9.769296
2024-07-26,B09MR2MLZH,8950.741
2024-07-26,B09KDW1YKQ,8950.741
2024-07-26,B09KDYY3SB,0.9910909
2024-07-26,B09MR3Y296,8950.741
2024-07-26,B09MR3RSW8,8950.741
2024-07-26,B09KTMLQ1N,81.623535
2024-07-26,B09X1F8C23,105.10447
2024-07-26,B09MR4B13C,2.0892553
2024-07-26,B09MR4D874,8950.741
2024-07-26,B09MR4G722,8950.741
2024-07-26,B09MR4Z3H8,2.6233432
2024-07-26,B09MR4Z3H9,8950.741
2024-07-26,B09MR56Q9N,10.18303
2024-07-26,B09MR5WS3Y,8950.741
2024-07-26,B09MR3XT5G,2.158905
2024-07-26,B09X1DHRLN,8950.741
2024-07-26,B0B31T1XMH,8950.741
2024-07-26,B09X1HV1NL,28.641548
2024-07-26,B09X1JTK49,8950.741
2024-07-26,B0B31R1ZBV,8950.741
2024-07-26,B0B31SM3ZR,8950.741
2024-07-26,B0B31VFJ6Q,48.808357
2024-07-26,B0B31VTH56,8950.741
2024-07-26,B0B31Y1FDZ,8950.741
2024-07-26,B0B69C4GST,8950.741
2024-07-26,B09X1F1L26,0.9910909
2024-07-26,B0B69DK8JN,8950.741
2024-07-26,B0B699PLXD,8950.741
2024-07-26,B0B69SF1BT,8950.741
2024-07-26,B0BRCXP7VN,8950.741
2024-07-26,B0BG2PD396,1.0428139
2024-07-26,B0BG2T78CJ,8950.741
2024-07-26,B0BGDWGRQB,8950.741
2024-07-26,B0BGDX2Z3L,0.93919706
2024-07-26,B0BGDXM13S,8950.741
2024-07-26,B0BGDXV7FD,0.93919706
2024-07-26,B0BNKYZD2Z,0.93919706
2024-07-26,B0BNKZ5BR1,8950.741
2024-07-26,B0BNL11QD8,8950.741
2024-07-26,B0BRCYJ33N,0.93919706
2024-07-26,B0BNL3J36Z,0.93919706
2024-07-26,B0BNL4CB4X,8950.741
2024-07-26,B0BNL5BKMK,0.93919706
2024-07-26,B0BRCW2B64,32.17482
2024-07-26,B0BRCW79VK,0.93919706
2024-07-26,B0BRCXCXCV,21.641397
2024-07-26,B0BRCXDHBX,47.95037
2024-07-26,B0BRCXJRX6,0.9910909
2024-07-26,B0BNL424DV,8950.741
2024-07-26,B0BDRS6R5Z,8950.741
2024-07-26,B0BRCXQMS5,17.75189
2024-07-26,B0BNKZ88Z5,0.93919706
2024-07-26,B0BRCXXBG2,8950.741
2024-07-26,B0CY5QQ49F,1.1689185
2024-07-26,B0CR49BQRS,0.9731644
2024-07-26,B0BRCY8QMH,8950.741
2024-07-26,B0BRCYJ4SR,8950.741
2024-07-26,B0BRCYK4JK,15.346037
2024-07-26,B0BRCYQNSW,0.93919706
2024-07-26,B0BRDCBGFD,8950.741
2024-07-26,B0BRDCJWJC,0.93919706
2024-07-26,B0C9JLKFPZ,6.3414564
2024-07-26,B0CFV6V981,1.0947074
2024-07-26,B0BRCYV77T,0.9910909
2024-07-26,B0BRCXQRC9,0.9910909
2024-07-26,B0CR49NR3B,0.9731644
2024-07-26,B0CR4BG4ZW,3.6809025
2024-07-26,B0CR4BGLK5,6.128291
2024-07-26,B0CR4BK4FW,1.0428139
2024-07-26,B0CR4C5WXS,0.9731644
2024-07-26,B0CR4C98FS,1.2531092
2024-07-26,B0CY5KFQBD,2.5748677
2024-07-26,B0CY5LR4VX,1.1689185
2024-07-26,B0CR49N6MQ,0.9731644
2024-07-26,B0BDRQWBK9,8950.741
2024-07-27,B09KTMLQ1N,75.47783
2024-07-27,B09KTMKDKJ,2.6233432
2024-07-27,B09KTJRHC7,9.769296
2024-07-27,B09KTFXX6L,20.191963
2024-07-27,B09KDPXYG3,0.93919706
2024-07-27,B09KSXP3HN,35.253895
2024-07-27,B09KDZQJ6P,0.9910909
2024-07-27,B09KDYY3SB,0.9910909
2024-07-27,B09MR2FY5D,2.8097866
2024-07-27,B09KSYL73R,4.198921
2024-07-27,B09KDLQ2GW,0.93919706
2024-07-27,B0BNKYZD2Z,0.93919706
2024-07-27,B09MR4Z3H8,2.8097866
2024-07-27,B09MR56Q9N,2.0853689
2024-07-27,B09X1F1L26,0.93919706
2024-07-27,B09X1F8C23,11.509514
2024-07-27,B09X1HV1NL,7.7344275
2024-07-27,B0B31VFJ6Q,16.8541
2024-07-27,B0BG2PD396,1.0428139
2024-07-27,B0BGDX2Z3L,0.93919706
2024-07-27,B0BGDXV7FD,0.93919706
2024-07-27,B09MR3XT5G,2.158905
2024-07-27,B09MR4B13C,2.0892553
2024-07-27,B0BNKZ88Z5,0.93919706
2024-07-27,B0BNL3J36Z,0.93919706
2024-07-27,B0BNL5BKMK,0.93919706
2024-07-27,B0BRCW2B64,5.5061054
2024-07-27,B0BRCYK4JK,7.7344275
2024-07-27,B0BRCYJ33N,0.93919706
2024-07-27,B0BRCXQRC9,0.9910909
2024-07-27,B0BRCW79VK,0.9910909
2024-07-27,B0BRCXJRX6,0.9910909
2024-07-27,B0BRCXDHBX,11.509514
2024-07-27,B0BRCXCXCV,5.8921413
2024-07-27,B0BRCYV77T,0.93919706
2024-07-27,B0BRCXQMS5,5.8921413
2024-07-27,B0C9JLKFPZ,2.863356
2024-07-27,B0BRCYQNSW,0.93919706
2024-07-27,B0CR49BQRS,1.1689185
2024-07-27,B0CR49N6MQ,2.5748677
2024-07-27,B0CR49NR3B,0.9731644
2024-07-27,B0CR4BG4ZW,1.2531092
2024-07-27,B0CR4BGLK5,0.9731644
2024-07-27,B0CR4BK4FW,0.9731644
2024-07-27,B0CR4C5WXS,0.9731644
2024-07-27,B0CR4C98FS,1.1689185
2024-07-27,B0CY5KFQBD,1.079793
2024-07-27,B0CY5QQ49F,0.9731644
2024-07-27,B0CFV6V981,1.0428139
2024-07-27,B0CY5LR4VX,1.9138323
2024-07-28,B0BNL3J36Z,0.93919706
2024-07-28,B09MR2FY5D,2.6233432
2024-07-28,B09KTMLQ1N,73.256584
2024-07-28,B09KDYY3SB,0.93919706
2024-07-28,B09KTFXX6L,13.200313
2024-07-28,B09KSYL73R,2.6233432
2024-07-28,B09KSXP3HN,32.339996
2024-07-28,B09KDZQJ6P,0.9910909
2024-07-28,B09KTJRHC7,9.769296
2024-07-28,B09MR3XT5G,2.158905
2024-07-28,B0B31VFJ6Q,6.067286
2024-07-28,B09X1F1L26,0.93919706
2024-07-28,B09X1F8C23,1.1775343
2024-07-28,B09X1HV1NL,0.9910909
2024-07-28,B0B31Y1FDZ,2.158905
2024-07-28,B0BG2PD396,1.0428139
2024-07-28,B0BGDX2Z3L,0.93919706
2024-07-28,B0BGDXV7FD,0.93919706
2024-07-28,B0BNKYZD2Z,0.93919706
2024-07-28,B09MR4B13C,2.158905
2024-07-28,B09KDPXYG3,0.93919706
2024-07-28,B09MR56Q9N,1.5782382
2024-07-28,B09KDLQ2GW,0.93919706
2024-07-28,B0CR49N6MQ,1.0428139
2024-07-28,B09MR4Z3H8,2.6233432
2024-07-28,B0BRCYV77T,0.93919706
2024-07-28,B0BRCYK4JK,2.863356
2024-07-28,B0BRCYJ33N,0.93919706
2024-07-28,B0BRCW79VK,0.93919706
2024-07-28,B0BRCXQMS5,0.9910909
2024-07-28,B0BRCXJRX6,0.9910909
2024-07-28,B0BRCXDHBX,1.9056333
2024-07-28,B0BRCXCXCV,0.9910909
2024-07-28,B0BRCXQRC9,0.93919706
2024-07-28,B0C9JLKFPZ,0.9910909
2024-07-28,B0BNKZ88Z5,0.93919706
2024-07-28,B0CR4BG4ZW,1.0428139
2024-07-28,B0CR49NR3B,1.0428139
2024-07-28,B0CR4BGLK5,1.0428139
2024-07-28,B0CR4BK4FW,1.0428139
2024-07-28,B0CR4C5WXS,1.0428139
2024-07-28,B0CR4C98FS,1.0428139
2024-07-28,B0CY5KFQBD,1.0428139
2024-07-28,B0CY5LR4VX,0.9731644
2024-07-28,B0BRCW2B64,0.9910909
2024-07-28,B0CFV6V981,0.9731644
2024-07-28,B0BNL5BKMK,0.93919706
2024-07-28,B0CR49BQRS,0.9731644
2024-07-28,B0CY5QQ49F,0.9731644
